creator_id,follower_count,account_age_days,category,is_new_creator
cre_3c6d65192c2e4510,19,425,Fashion,True
cre_3744e26802d84c29,86,1483,Tech,True
cre_218badb746024084,26,1315,Fitness,True
cre_de5c45a89e974928,22,1354,Music,True
cre_5b55cf71de754b20,516,1139,Tech,False
cre_21e85c32eca1440e,1077,1280,Comedy,False
cre_b75cc362fd554aa9,74,348,Music,True
cre_77db0acd9eb547f2,166,465,Travel,False
cre_81e7e98fdb71468b,101,884,Tech,False
cre_3c286c94c3c94272,70,1075,Fitness,True
cre_f508336d24dd4ef9,1464,1252,Food,False
cre_b36551dd2afc42d0,86,1387,Tech,True
cre_d3222fd2ede343b8,167,515,Art,False
cre_edd15733e8b64e00,87,1190,Food,True
cre_7c85b604d0ab48fc,262,908,Fashion,False
cre_98160990f2c64c50,1,569,Food,True
cre_e1b6ee7fc4f245ac,233,157,Music,False
cre_b706ff5a51504663,13,1253,Fashion,True
cre_6b93477f644c4d38,98,41,Fitness,True
cre_2657d770b71345ac,22,1268,Tech,True
cre_0c7fea8831d34e5d,12,898,Comedy,True
cre_4c6dc5f5b4e74104,91,154,Fitness,True
cre_61fe330095b14c38,328,1429,Comedy,False
cre_54e4cd77b87f4b1c,603,932,Music,False
cre_409c845fc8e8496e,92,854,Fitness,True
cre_8cf3e01ee50747fc,63,1280,Fashion,True
cre_a85901cded904dd4,21,1489,Art,True
cre_38af934cca684ea5,11,866,Fitness,True
cre_17b6b83e15d145cd,58,1179,Art,True
cre_f5848d7dd56e4cf5,154,67,Art,False
cre_4afb8150f3a9443f,89,1177,Fitness,True
cre_b67f876fa5c04a90,36,307,Fitness,True
cre_a643c8c0666d486f,139,268,Food,False
cre_73b0f10350ef47dc,1,319,Fitness,True
cre_14c1db40769f46cd,12,942,Travel,True
cre_0ceb06d8f26f42ab,88,580,Travel,True
cre_943b2c2d8f434f6e,14,1267,Travel,True
cre_534375f2af7e4d47,243,857,Fashion,False
cre_4c3cfe09598f4053,60,87,Comedy,True
cre_67a93f13b2fa4d65,81,212,Fitness,True
cre_55469ef376274e03,15,694,Art,True
cre_233cc04b98c14194,119,1302,Food,False
cre_5a739d58c9214ad2,40,1156,Food,True
cre_44e90cad73af4e9d,21,600,Tech,True
cre_6346912755054150,260,1384,Comedy,False
cre_8975a26667104e36,67,1466,Comedy,True
cre_d84e3ad362ea4e5b,61,1453,Fashion,True
cre_fe29d4566a1447ba,33,815,Music,True
cre_510d6f59580e4e56,637,1449,Tech,False
cre_0ea439ccd4c34722,156,270,Art,False
cre_3a9f225d3e8e4efc,1,890,Tech,True
cre_b671e122b7d44772,3750,1200,Comedy,False
cre_b08e414bcef944d8,672,1483,Comedy,False
cre_d93451f8c4e84287,11,748,Art,True
cre_e3247d00b6e546c2,39,377,Travel,True
cre_c8a478d6f7c84120,121,1081,Food,False
cre_557a6622c78d4b3c,17,633,Tech,True
cre_fb0ec72ecde54642,129,42,Travel,False
cre_d1749447d1554733,19,138,Tech,True
cre_5bf8a0c8d0584c93,34,1174,Fashion,True
cre_6636826980fe431a,265,506,Music,False
cre_cbac7ba7cebd4262,66,278,Art,True
cre_9ccdfc0b6e4d48d5,63,861,Comedy,True
cre_c27b50f2c07a436d,225,405,Art,False
cre_5aff0982bf4543fb,259,1247,Tech,False
cre_7f3c3f91299f42ef,1374,142,Music,False
cre_61194d569ebc424d,169,372,Food,False
cre_b6f71c16f42b4ca8,191,977,Fashion,False
cre_ebf71b8432c64585,23,419,Comedy,True
cre_8971c04b3f5f4bb8,199,526,Fashion,False
cre_255e216bc28a4da3,795,206,Fitness,False
cre_e82e9f6d0ffb4003,8,527,Art,True
cre_e9d64479d69e4fb8,111,1381,Food,False
cre_2b5944c504384712,154,1023,Tech,False
cre_b8aad63c237447cf,183,99,Tech,False
cre_79071d5c11ab4430,55,668,Art,True
cre_98292178d6b84802,4,173,Comedy,True
cre_f6e2a63d19d44810,153,1026,Travel,False
cre_1e3c2fe425404386,48,46,Comedy,True
cre_77361e088f564891,54,683,Tech,True
cre_d61c8c94bfca4655,22,1101,Tech,True
cre_24992da2289a4a18,263,1198,Fitness,False
cre_1c09128cd5254558,118,364,Food,False
cre_2607c7ab9f5e4213,104,345,Fashion,False
cre_9efd9b6f52f74eb6,17,633,Food,True
cre_f5d3cad725ef44e5,65,459,Art,True
cre_4a5fffe13b2b4df4,5,1022,Tech,True
cre_33c8759777654f3b,23,1053,Tech,True
cre_0f2447586d474737,1583,835,Fitness,False
cre_02aaf523a43e4ba5,75,1319,Food,True
cre_3c0ab44c7ca543f7,197,553,Tech,False
cre_6fb96917473746e6,323,1324,Music,False
cre_c690ac4fa1cf4f81,3,1365,Travel,True
cre_3caca3fe508f48c6,4931,233,Fashion,False
cre_22eef2be1fa84941,68,778,Fitness,True
cre_e334906f7f0646d5,625,546,Travel,False
cre_16814074ac8d4ba5,59,590,Art,True
cre_9f96f997347a4566,11,817,Travel,True
cre_1d27835d438f4fa5,628,1040,Comedy,False
cre_1e408ecbdebc4255,162,1197,Fitness,False
cre_8e27af9586714edb,38,573,Fitness,True
cre_3103979fb59b4696,77,1178,Travel,True
cre_eebb749267e44190,114,394,Tech,False
cre_c781a3a779e64b4f,91,640,Food,True
cre_edf7ec7a3da24298,39,1231,Music,True
cre_2c6b5b9fc4244e5b,83,717,Fitness,True
cre_54de7082c8a44ad2,295,163,Fitness,False
cre_8a02f0d3c65c4424,55,219,Fitness,True
cre_b7fb5b75025b41be,17,458,Fashion,True
cre_04b4f7d19df84ae0,2330,274,Travel,False
cre_16c5db46efa147fe,23,1420,Food,True
cre_2e9c1913845c4471,35,1009,Music,True
cre_61b3a2f6c3c84fda,9,60,Art,True
cre_460b1d588a9b4256,11,15,Fashion,True
cre_c98800e8d1fa46ef,15,150,Travel,True
cre_98b31d16a350455b,38,377,Comedy,True
cre_10a692561ba44a59,109,164,Art,False
cre_7d289012fa384d56,13,852,Comedy,True
cre_b95bfa4d3bf04b49,54,418,Comedy,True
cre_5d4df004d090418d,7,435,Fashion,True
cre_71d853a17e234a95,140,1009,Food,False
cre_c54f6eff22014b9c,12,440,Music,True
cre_82d40dfb14fc4f83,239,1405,Art,False
cre_f6e446ff3db346f6,175,1243,Food,False
cre_e240b1aa5c304231,46,1082,Tech,True
cre_8e0b720065f34292,7,566,Travel,True
cre_a587a62430b847fe,44,383,Fitness,True
cre_317cf8d775c944dd,182,1272,Tech,False
cre_bbde502ae5b145e4,213,161,Food,False
cre_851b53f86e874b79,72,1015,Art,True
cre_e01a26ae29194ec7,317,478,Art,False
cre_e8b3939f7ce8407b,961,48,Travel,False
cre_577fd8d55a83427e,83,306,Travel,True
cre_5fc87ac7abdd4bfe,2,985,Fashion,True
cre_a43699ffeec84acd,207,817,Comedy,False
cre_9a5697f5cbdc4611,2,450,Fitness,True
cre_bf46d3154616403d,140,665,Fashion,False
cre_9576af6c331b4de4,303,791,Fashion,False
cre_6a8211e5bbb6491d,3,1216,Art,True
cre_a0652b8544334c63,68,1372,Music,True
cre_dede10707e6a4e74,192,811,Comedy,False
cre_2d3c7cb57ef54458,189,1314,Travel,False
cre_c6d1d9b94add4a78,9,945,Food,True
cre_4c157ab55a5942c8,196,1213,Fashion,False
cre_244db50d6cf6429d,45,630,Fitness,True
cre_b344db8d0bfc4810,5,728,Fashion,True
cre_163f7a329e464d99,14,1109,Comedy,True
cre_3d2d2105965d46d0,27,1263,Travel,True
cre_4e608c020bdf4e3e,58,1401,Tech,True
cre_490824438c034152,10,65,Fitness,True
cre_fe42003461904787,77,1112,Music,True
cre_9224b902f0904a1b,82,55,Music,True
cre_af162518f50d4859,106,1245,Tech,False
cre_45a504c4ed5a44d3,33,403,Travel,True
cre_6b39c6501cb3473d,20,558,Tech,True
cre_d13537e34c554f00,194,271,Food,False
cre_8c54f5c2e64544a0,20,728,Food,True
cre_9473791b56ab4dc2,65,1204,Travel,True
cre_5975dd84546c471f,320,1459,Tech,False
cre_17121d9b48534811,168,490,Comedy,False
cre_b1f0694d1f8d48d0,31,296,Fitness,True
cre_c8e8ff85549d4253,119,582,Comedy,False
cre_24ee0d839024434b,8,676,Fitness,True
cre_95762d2d034f4135,27,825,Comedy,True
cre_fb14b12bdd7943bc,10,761,Fashion,True
cre_733014ab899949d7,119,928,Tech,False
cre_0d9fa344596a4368,35,607,Music,True
cre_e71d115c9f4c44a2,102,1442,Food,False
cre_8fb1381fa84e4d8a,34,1243,Tech,True
cre_dca46c0bfa034f4d,24,127,Art,True
cre_14c6b413c4aa44d3,812,1125,Comedy,False
cre_d51adcabdac14d97,423,841,Music,False
cre_0d7c3c7422a24dbd,13,358,Travel,True
cre_5b7a872815704e35,278,85,Music,False
cre_45dc67bb87cc4b38,152,872,Fitness,False
cre_6a19ce3acc304ec4,52,728,Travel,True
cre_ce89da7251a548a9,154,426,Tech,False
cre_7ce726d735b4415c,352,796,Comedy,False
cre_64f7dec550d848d2,63,1033,Food,True
cre_97c3efbbd56a47e9,18,1185,Art,True
cre_2053bc17f6264e6a,394,355,Food,False
cre_2f2a924dd8134c5c,1405,1023,Tech,False
cre_8e8c637dbbbd44b1,28,930,Comedy,True
cre_30c4af1609e84e59,101,544,Tech,False
cre_539b96bc72db4a0e,2,902,Comedy,True
cre_dcb4e0e5aa5b4547,49,249,Tech,True
cre_7a96fd777dc1481c,697,839,Fitness,False
cre_6b7abf21327a414e,1319,232,Tech,False
cre_44f2c55759fe43e9,0,392,Fashion,True
cre_bd7878d264684aa7,2074,1014,Fashion,False
cre_20955e6a20984b66,35,1404,Tech,True
cre_42395900f0ff44ca,7,524,Art,True
cre_28fc19ea4681425a,0,1415,Comedy,True
cre_0ea462c58c0847b9,283,538,Food,False
cre_68f9ce86a9604c3e,319,1485,Tech,False
cre_8b4b5b01b4c945b7,135,1412,Art,False
cre_ec482a30bf594819,223,779,Tech,False
cre_44790d058d86465d,8,120,Fashion,True
cre_483db636eac24495,8,220,Fitness,True
cre_d557ad52cb704e61,5,933,Fashion,True
cre_18e4d3cbd0d34175,3,969,Food,True
cre_f0305d3d96da42c6,1421,529,Music,False
cre_881e07a773374fb2,242,918,Comedy,False
cre_8dc0b86c2ce442f0,7,1425,Tech,True
cre_f7309427ebb84cc9,25,402,Fitness,True
cre_1effba5b66554b94,11,1212,Music,True
cre_1ca0d071ec1b4508,41,500,Travel,True
cre_dd641af2cccd43f6,152,1238,Food,False
cre_02f61550031d41ad,6,1252,Comedy,True
cre_2379f4315e20427e,3,603,Music,True
cre_37f7f996348a4b42,273,908,Tech,False
cre_2eb728d34109481a,187,1294,Food,False
cre_1d90176572e24bbf,20,552,Food,True
cre_fe8abef8b44345bd,8,973,Food,True
cre_9b9ba6e185324625,253,113,Fashion,False
cre_c47508577adb42e9,30,1327,Travel,True
cre_dc76004b261d41a6,59,943,Food,True
cre_c970ce69fe7c4435,83,1263,Food,True
cre_c602d9b7135e462f,9,564,Music,True
cre_d83306467b6b4b44,7,739,Comedy,True
cre_c2740e67fcd34da9,8,1112,Art,True
cre_b7f6aed7f1594921,281,50,Fashion,False
cre_06bc3196b0ae40a7,8,601,Travel,True
cre_bce83bed6df54f20,246,1077,Tech,False
cre_5a2cedf8d9e945f4,12,990,Fashion,True
cre_fdad2793774f4f2b,62,120,Fitness,True
cre_7c43d4fa703648f3,127,1130,Fashion,False
cre_4552a863c1674877,4,457,Art,True
cre_eded3307cacd459b,1249,564,Comedy,False
cre_ffb07156f16944d1,82,117,Travel,True
cre_42b66a60a3c44882,509,320,Food,False
cre_12f3ae7ab0e8460d,36,452,Comedy,True
cre_a0577fa78fb54439,0,100,Tech,True
cre_e5b55c39e31d4c81,28,272,Art,True
cre_bcfd76ba2fb3426f,17,1171,Fitness,True
cre_266ec5092e0d42e9,253,372,Fashion,False
cre_70a781b0788a4b3b,149,299,Art,False
cre_95a36baa87b643ee,280,195,Food,False
cre_4a8861157e774ebd,11,1249,Fashion,True
cre_e376434acb754eaf,19,1059,Art,True
cre_a2a604830cb64962,10,1125,Comedy,True
cre_bd947cecbe144587,37,1257,Comedy,True
cre_e05dda4a317847da,130,311,Comedy,False
cre_111b265ed7ad4baa,29,645,Tech,True
cre_316a0c357a764d4a,3,858,Food,True
cre_e8ec576bdc9444aa,9,935,Fashion,True
cre_bfca07394b274a6f,125,205,Fitness,False
cre_cc3683e831df4cd5,138,1122,Tech,False
cre_c4eec290723d4b89,100,616,Tech,False
cre_6fba35b38aeb4e3e,9,900,Food,True
cre_1f1182d7a62a42bf,394,123,Fashion,False
cre_61b2f84420774c2e,2547,29,Music,True
cre_d17d22d780e44317,180,674,Comedy,False
cre_1c8a3794b9114fa8,118,666,Fashion,False
cre_c6f0ee943c1d4e47,57,862,Tech,True
cre_caef96ca0db14051,43,304,Fashion,True
cre_f9ba578f60604e3f,49,194,Food,True
cre_2b6fecebf69a429f,51,1086,Art,True
cre_0d365dedb221498d,218,337,Food,False
cre_fc7a868b28114ef6,223,1118,Comedy,False
cre_2f86ecd20f364de1,3,67,Music,True
cre_4125809d27274da0,49,792,Food,True
cre_f132714a8f1b4e53,13,954,Fashion,True
cre_46983a2769e842f8,20,973,Music,True
cre_e2f300817a5641a8,13,65,Art,True
cre_d8ea1a94bd144b51,27,1443,Tech,True
cre_3e326668a4664e3c,132,1215,Food,False
cre_babb57de6d374c9c,9,948,Travel,True
cre_b9da9ae74a3d4719,26,393,Travel,True
cre_ff23b54eab894a17,16,107,Fashion,True
cre_fb5ba54d7e044835,48,467,Tech,True
cre_98e591b2b57849c0,48,861,Fitness,True
cre_f04e45c912d64f6e,38,18,Music,True
cre_6837a87732a84d19,21,509,Art,True
cre_47881c7f67e748e5,221,1129,Tech,False
cre_8639d2d6aa7e4446,78,99,Comedy,True
cre_af1b4965677c41cc,100,307,Tech,False
cre_46b3e54e7683484b,124,1415,Tech,False
cre_c773689962f74d18,6,1315,Food,True
cre_f4e53ed8a7004e75,75,995,Travel,True
cre_fd23f0a540134b11,88,1487,Fashion,True
cre_857b37d538a84361,168,145,Comedy,False
cre_f8c70d849e3345b5,43,1326,Fitness,True
cre_4716e2935acc4d9a,26,773,Comedy,True
cre_7f39d87c11b14d9f,68,1320,Food,True
cre_510c87d1d3f54b31,651,18,Art,True
cre_d5a082aea9e5422b,66,750,Music,True
cre_969ecca24d7749c7,50,1114,Music,True
cre_54cb000e1e254b4d,12,1445,Travel,True
cre_8b60c43084d14749,55,760,Art,True
cre_a4ef1f7824954515,3,136,Fashion,True
cre_c10ffe5ade62407c,50,1306,Art,True
cre_127c01e11e3d4a0a,120,1206,Fitness,False
cre_1b38dbcddfed45ad,390,1194,Comedy,False
cre_f19b9ea21b9f4451,8,877,Art,True
cre_fd3af482f9af470a,165,51,Fitness,False
cre_edcf9c18c4ac4d6c,60,82,Art,True
cre_6620d011d0a042c8,476,1200,Tech,False
cre_a26dc343065b4be6,221,1194,Food,False
cre_1bb272b8573d4858,92,710,Fitness,True
cre_94731379dd074332,26,753,Fitness,True
cre_2ee365bc5bc844fc,23,702,Art,True
cre_822f64444d334cab,41,901,Fashion,True
cre_4916613ffd964f6b,188,130,Travel,False
cre_84739ebd65db414d,399,1171,Art,False
cre_67a4e10620d84388,65,325,Art,True
cre_8d2a54f8d47f4982,699,1055,Fitness,False
cre_60a258ff5b57419f,244,1432,Food,False
cre_1448bfe2175043ce,46,793,Fashion,True
cre_b6d52081a9ea416d,538,305,Comedy,False
cre_3ef560678aac43be,9,44,Fashion,True
cre_545baaf1c87f4b8f,101,1388,Comedy,False
cre_b0fc476fe7a94ded,55,1018,Music,True
cre_d9fdb97b03d44df1,27,1105,Music,True
cre_2eca0249e7264e6e,90,236,Food,True
cre_73e072a6b8f34e2c,23,931,Comedy,True
cre_a52a2e1794484ffd,84,1289,Art,True
cre_d206236d7b83496f,50,1184,Art,True
cre_1b0416df4f814484,128,561,Travel,False
cre_88b54c3d715147f1,771,997,Travel,False
cre_300213594d364a8a,64,95,Travel,True
cre_50d7cf0147cf42a4,9,1353,Fashion,True
cre_4467e1dd80de48b3,524,786,Comedy,False
cre_6d62080e97bf4852,2867,170,Comedy,False
cre_6c6cee1a304b408e,48,51,Fashion,True
cre_1d3a87c3d50144e1,375,1127,Fitness,False
cre_73fcf1983f9f411c,135,726,Tech,False
cre_ba25f6d48da74245,38,1314,Fashion,True
cre_bff38550e47d4e3b,31,1211,Fitness,True
cre_9bd7c83db0364e05,592,623,Food,False
cre_55f263658ef54ea6,33,105,Art,True
cre_fbc09cc646ae456a,21,1054,Comedy,True
cre_e48858a93da64355,100,1293,Fashion,False
cre_983fca812b42482a,1602,174,Art,False
cre_03b7bec9f6354869,170,305,Music,False
cre_8f87c03092174c4b,10,988,Comedy,True
cre_5c3c9de9c3d34523,12,873,Food,True
cre_aacf4cccb7d84ea0,3615,694,Art,False
cre_2e7713dfa9584a0a,148,1010,Travel,False
cre_6b9b2c5d2eb94f17,62,663,Art,True
cre_5969ce5620774c5c,60,25,Fitness,True
cre_e2723f669c434a5f,123,912,Tech,False
cre_9bafc4c539de43b8,6,1154,Music,True
cre_706a428be9ca476f,0,1468,Music,True
cre_f7289a67423c4945,103,1406,Music,False
cre_a92346fa610240a6,26,175,Fashion,True
cre_7fd24895cd1e4a78,786,798,Art,False
cre_166ba7f23ce84bbd,17,1149,Tech,True
cre_59441f64561343fe,47,819,Fashion,True
cre_69be70b6a7804aa9,27,422,Fashion,True
cre_ca673d42f79c4b79,60,1100,Art,True
cre_000272af21d9464d,120,592,Fashion,False
cre_23033298fc824e96,1294,1181,Travel,False
cre_40740f05d7bb4119,58,786,Comedy,True
cre_aff5ab2fe9454a01,31,689,Food,True
cre_2e04fdebc8164ba1,7,398,Fashion,True
cre_e9bd5e29ef024efa,71,429,Travel,True
cre_077f3784cfc246be,128,1102,Travel,False
cre_b1d71065b15a44a9,24,134,Music,True
cre_aac80558f54e4fee,10,653,Tech,True
cre_f604439b72464abf,67,1038,Art,True
cre_fdf2d2f65ee4488c,45,1420,Comedy,True
cre_93e475dec0514a73,1163,233,Music,False
cre_3f6399c2ccaf476c,31,771,Food,True
cre_726f7d163e45472c,41,539,Food,True
cre_96ab352c03aa409b,177,177,Fitness,False
cre_f6ec57d35f904612,56,140,Travel,True
cre_50cd5fe79c4e4f98,87,1498,Art,True
cre_51387518bda543c6,52,1265,Tech,True
cre_a7fef873847c4c6a,36,236,Food,True
cre_f46d45cee2584398,21,385,Tech,True
cre_283d2c41d13243b0,6,764,Travel,True
cre_b0b34b9d8c434284,183,876,Tech,False
cre_b6fee90eae74489f,513,701,Travel,False
cre_7745ab042b3042f7,273,778,Art,False
cre_344975c36aa64362,96,1338,Travel,True
cre_e9810566e96c4cd0,1042,380,Comedy,False
cre_b73b3f4f567c4bab,52,1408,Art,True
cre_58aaf845479e4af2,183,249,Fashion,False
cre_621934a1e99445da,104,239,Fashion,False
cre_1d892e2a1d844af1,28,819,Fashion,True
cre_e7c75bbfcb234662,144,888,Fashion,False
cre_3363ac93d8764122,79,794,Art,True
cre_823b2dbb12814d51,0,474,Comedy,True
cre_c8f0c97573b54e74,29,1154,Fashion,True
cre_d1f6e96ffd5e49a5,4414,1199,Fitness,False
cre_9c6c5433621f46e3,14,532,Food,True
cre_0467161d15c64f91,22,59,Art,True
cre_9fab1ed1c9ac4704,49,979,Food,True
cre_d858c02b848c4b0f,1,1058,Fashion,True
cre_931fc5b2a2324f7f,0,230,Fashion,True
cre_ae0110f2c984401d,23,728,Tech,True
cre_655ef55feef147df,14,1102,Art,True
cre_50c606e7596a4027,1,451,Music,True
cre_2b09b7dca1f64599,36,608,Fashion,True
cre_7463b90bef554774,37,1143,Comedy,True
cre_ced944be5f3e40a8,770,394,Fitness,False
cre_9b4bc8eeebd94d45,76,317,Fashion,True
cre_be83cdba1d3c4f80,3,882,Art,True
cre_cc6a56753b9047c6,241,1311,Art,False
cre_3c656985ad64428b,122,880,Music,False
cre_5facf87bd0ae416a,2,815,Music,True
cre_6bca8d6cd3784df7,30,3,Fitness,True
cre_888bfbf2a76f449c,9,144,Art,True
cre_be15a24921b8436e,3,1466,Music,True
cre_19846c02c6f6438e,2270,1445,Art,False
cre_74223628527c4d7e,213,159,Art,False
cre_bdb2e4f67c8240b3,96,1109,Art,True
cre_ee75c656b17e4f82,655,1327,Tech,False
cre_46d6b43bf96d4253,27,78,Music,True
cre_ca1d797b74c94228,29,946,Tech,True
cre_d2a7aa319886422b,15,488,Tech,True
cre_2cfd3e0bd9df4da4,124,1109,Art,False
cre_923d56c30a72464c,184,1244,Tech,False
cre_b6b8ff3faa794d12,46,1187,Art,True
cre_5c16b5b1ed3f4f9d,62,1446,Fashion,True
cre_1ed02ff2379f4525,948,436,Art,False
cre_2c32cb3a13954575,20,1472,Tech,True
cre_ae872e249bc946c4,15,291,Fitness,True
cre_00e4a61bd7e54da7,38,1294,Comedy,True
cre_83bd6ca25a524756,288,836,Travel,False
cre_d8ee32d7ff2c42b9,214,1335,Travel,False
cre_1ea1e35dd2774387,44,89,Fitness,True
cre_f80ab022dddf429a,10,528,Fitness,True
cre_9c9962f685c64a5c,31,409,Fashion,True
cre_3fa8433ac51c41dc,77,1364,Tech,True
cre_633869c0b2034b85,145,1484,Food,False
cre_db9874bd3ec44450,848,1087,Fashion,False
cre_c560f0b964fc4a03,105,37,Fashion,False
cre_aa4078a3092a46d3,96,690,Fitness,True
cre_f4d62f4008544fcf,90,1484,Food,True
cre_7d6384f9ce054675,51,279,Travel,True
cre_c7f57d5c9f8b4e64,12878,1240,Food,False
cre_9cebdf1203ab4b15,8,953,Music,True
cre_a2376c2e87d144de,112,1310,Comedy,False
cre_4d6a23c109054791,43,967,Fitness,True
cre_8c59126b2b4d4385,133,1185,Art,False
cre_cca8c612dd854747,49,1254,Food,True
cre_e92004bb6c964f35,35,993,Tech,True
cre_a7fef4fdb91340de,183,1037,Music,False
cre_d09a80a82dfc4148,35,58,Music,True
cre_26f30a59e0ac418a,298,916,Comedy,False
cre_a29b8d7f78b44419,28,208,Fashion,True
cre_6edd7f722b934c7c,152,908,Food,False
cre_efb5d39b45b44184,93,402,Travel,True
cre_258adf3a575d44c3,433,700,Comedy,False
cre_19d8976434324830,295,120,Fitness,False
cre_53a20d35529b4ce4,25,377,Fitness,True
cre_0a851dcd9b2d44e3,222,1495,Travel,False
cre_3f8ed9542ffb4db6,31,473,Food,True
cre_e203301fa5564e0f,31,1485,Food,True
cre_517010c2f92b45a2,59,812,Art,True
cre_9af0d2fd625043c8,43,1209,Music,True
cre_e827dfd01e164ba1,23,1496,Art,True
cre_ef4ba2b6eb6d4710,93,1110,Art,True
cre_9b8e1e571c6a47d8,1,901,Art,True
cre_0898aba92c4644f1,2,1259,Art,True
cre_0b00204ecc5449e3,258,758,Food,False
cre_7d66585f92464f28,13,1286,Music,True
cre_2a796ad279954b72,8,850,Art,True
cre_13dcb649aa814eeb,481,1369,Art,False
cre_2f0a34e053974f55,2,661,Art,True
cre_272ee2dc24b6484c,86,1499,Fashion,True
cre_9ef9c9fae1aa4a88,9,508,Music,True
cre_6e3b9336a70847e8,98,85,Travel,True
cre_3116bc85f4ae4331,40,493,Tech,True
cre_d0c96cf1218242fb,1041,941,Travel,False
cre_b60078a1fd804659,63,318,Travel,True
cre_90fdd9dec3a54300,17,784,Comedy,True
cre_47d81685c34e4476,316,850,Fashion,False
cre_f9c307d450624b91,58,277,Travel,True
cre_3b6936b57ac64387,614,1496,Tech,False
cre_c3603f32c3904866,65,660,Food,True
cre_daeae26cd47f42cc,25,308,Travel,True
cre_5c60437a023f4c05,8,700,Fashion,True
cre_8ca59dde7e164001,4,633,Travel,True
cre_3b48fb0dddf54250,438,1111,Fashion,False
cre_ea82bc7d80b34f86,24,443,Tech,True
cre_0a3d2167c3174f5b,89,328,Tech,True
cre_4c4270eefd434f5a,212,470,Fashion,False
cre_aaa7e69525a84301,24,1435,Comedy,True
cre_2f30a92a72974f2f,7,67,Comedy,True
cre_3eec2b68564a49d7,238,723,Tech,False
cre_c556960ddbbd4336,16,926,Fitness,True
cre_cacde8b368d643bb,61,17,Travel,True
cre_cfbf74180a244ce1,51,1320,Food,True
cre_06f7c02d29544311,515,1394,Fitness,False
cre_e4a0d06adb5b490a,4,105,Fashion,True
cre_d14aa84d98b54ae6,130,732,Music,False
cre_a90d0f1e8a254ff1,21,546,Comedy,True
cre_49074bdfa9d0496a,6,1185,Comedy,True
cre_ef175407157347a9,305,138,Fitness,False
cre_e303d560006d4c7c,6,1398,Fitness,True
cre_47d4922abb6d490b,189,1049,Travel,False
cre_311ab97efed94e59,97,881,Music,True
cre_b24c6fea747442e0,3664,520,Art,False
cre_b089ae8e04ca4fe2,26,829,Art,True
cre_7a6505b63d014ba6,145,1142,Music,False
cre_cb647357d35e403a,14,1498,Travel,True
cre_1b3b439680c34597,404,80,Comedy,False
cre_70d6afe7dd8e4695,52,9,Art,True
cre_b4e41d9a8aff4170,2,1100,Music,True
cre_c4110a3ac7384166,2,610,Art,True
cre_0dd75898c472457a,6,138,Fashion,True
cre_ab07388c332b4c14,48,617,Food,True
cre_57195930a3644c53,1,677,Fitness,True
cre_7d10922bcd0345e8,3,904,Food,True
cre_05474df0efc243ca,3147,605,Food,False
cre_fcf274edf2fd4826,33,1088,Food,True
cre_2359eedec4b54683,46,1214,Comedy,True
cre_cdc2a6f951d04e0d,5511,81,Art,False
cre_d481d8468dfb47e5,58,1120,Tech,True
cre_5ef25d37ad14488a,119,295,Food,False
cre_fc068bd1c4664d53,17,1288,Tech,True
cre_37375fa21f604aa6,149,400,Tech,False
cre_f18c2b1b657b4d13,15,827,Art,True
cre_9a5407df3da141a4,219,681,Fashion,False
cre_f6fac3651a704c09,37,1424,Music,True
cre_aa976d99f7ff4ccb,28,768,Music,True
cre_8777805d5b1b4c01,51,210,Art,True
cre_ce4bd45006c046bc,80,1152,Comedy,True
cre_d4e561db60ab4180,46,378,Tech,True
cre_6afa45ea141c4358,92,1040,Music,True
cre_af6a9e4bbdeb4e0b,1276,1095,Music,False
cre_9d1422c4d9c24f61,15,414,Art,True
cre_2f7e756bc365418f,220,901,Fitness,False
cre_9504439afa78434a,141,144,Tech,False
cre_66286dcfbc22492f,0,544,Fashion,True
cre_2d77065a4362441a,39,802,Art,True
cre_a7df89adff2d4bc7,26,286,Food,True
cre_27ccd71cf15b44e6,75,1088,Food,True
cre_30fe9811c0d94476,22,1122,Music,True
cre_55845ed41e5e48fa,1369,192,Tech,False
cre_21d5803dc8014525,110,867,Comedy,False
cre_2916d42c18b84e4d,4,572,Fashion,True
cre_d41b6e2f399e49c8,27,1288,Art,True
cre_4bd20cb8ea72444f,16,26,Fitness,True
cre_aeae1658e61b48b0,1,1190,Travel,True
cre_d410968be8534636,218,396,Music,False
cre_180f33f4dfb74d79,84,1448,Tech,True
cre_79e9df91feb94afe,149,183,Tech,False
cre_cde232e1838f4bd3,463,663,Fashion,False
cre_6dcbb771a5204240,104,1149,Travel,False
cre_b8a6a7e75e224700,1446,986,Fitness,False
cre_6ffa4d13f01e468a,11,1342,Music,True
cre_a3bd4099653e4264,28,182,Tech,True
cre_4f31a4cd2761456d,30,767,Tech,True
cre_d99779ee3d06418e,338,640,Music,False
cre_e4243b2cc2da4ce4,114,698,Tech,False
cre_90355110347e4942,18,1361,Music,True
cre_68b152c7dc1c402a,30,1151,Fitness,True
cre_7e64e84a9cc04d42,81,34,Food,True
cre_bcb69e948b6343e6,51,1090,Music,True
cre_25f96dd2205c418e,25,812,Music,True
cre_8b01e3bac0fd4b50,134,1011,Travel,False
cre_9789f4ad7cc94e73,124,12,Fitness,True
cre_325a828245b045c0,40,984,Fitness,True
cre_14f9f3642c6043d6,34,784,Art,True
cre_be279fb778a04671,27,435,Comedy,True
cre_d2211c69728a4f22,23,7,Comedy,True
cre_9c79804b0686430d,93,740,Music,True
cre_6795dc7d390c4018,90,554,Art,True
cre_1167e45637d04fd4,128,470,Food,False
cre_cab75afba0534682,6,717,Food,True
cre_d30f0b80ed784985,35,1355,Travel,True
cre_94d3a26080bc4a6b,39,983,Comedy,True
cre_ab00bd6322454911,16,621,Art,True
cre_06d948b3e97e4368,64,383,Fitness,True
cre_012991635f634352,2578,17,Food,True
cre_b2af6e633b4347bf,78,349,Fitness,True
cre_c8c353c40cf84454,8,1177,Tech,True
cre_d939c9263d6343db,100,122,Tech,False
cre_2d2029a3ee454f0b,74,1378,Music,True
cre_e5f6aae88d904ec7,282,463,Travel,False
cre_f9ac44a126514ffa,0,807,Music,True
cre_5cc92c479d13483f,5,929,Art,True
cre_d078fbef3b4f4067,58,1160,Fitness,True
cre_98159766a3db4aee,71,286,Fitness,True
cre_a8708205f2be4b60,0,473,Tech,True
cre_e5bfbe3f4ed74123,257,481,Food,False
cre_575391c025f84757,19,493,Music,True
cre_722b75fab9be4600,3633,1345,Tech,False
cre_598ceb274a574b2f,76,1093,Travel,True
cre_cd4f57e20294451c,66,650,Music,True
cre_03a1c6bcf3eb4daa,47,1463,Fashion,True
cre_cdbd4b7e70b548cc,329,182,Food,False
cre_12e75cb20be74402,16,935,Tech,True
cre_c48ed49323b94456,8,840,Travel,True
cre_d254dfeae14b4460,29,476,Fashion,True
cre_c43c81f5eb754f86,98,549,Art,True
cre_f003f5f63b984e1f,76,1452,Music,True
cre_8c3b72d062574daf,4363,186,Travel,False
cre_781844fc1e3d40c1,44,753,Fitness,True
cre_3aca293117fd450d,120,1277,Tech,False
cre_bd5fe31f7ccf4462,140,611,Fashion,False
cre_3343428b4f6c4b30,23,334,Travel,True
cre_0457f244b6174179,132,595,Fashion,False
cre_2fbfe0686d544aaa,33,1178,Fitness,True
cre_433d77e916134311,3,674,Fashion,True
cre_6e941631a8704fe8,2449,680,Fashion,False
cre_1cfbae015138439f,12,1492,Travel,True
cre_ac99bde1d6834ac3,115,592,Tech,False
cre_24c18d0533b74b53,30,691,Fashion,True
cre_4405aad459d24998,33,256,Comedy,True
cre_7cde516fd1ca46b9,58,541,Food,True
cre_0f4ee48776e54593,11,1313,Comedy,True
cre_2fe414cfa7b84c94,150,501,Fashion,False
cre_88a16fbb334141ce,1370,339,Music,False
cre_25a09880a74644db,188,1192,Art,False
cre_503fa331cb664762,50,1002,Comedy,True
cre_dfa23da664ec4897,225,1248,Tech,False
cre_45a7a026665a40a3,44,1488,Tech,True
cre_f1d47cbadf434eaf,1301,66,Music,False
cre_17d485936d684cc5,141,1446,Tech,False
cre_fc947fb3beaf4655,46,572,Art,True
cre_dd3bdaa8296842f3,32,841,Fashion,True
cre_804c8c71b6dd4a43,244,103,Fashion,False
cre_cd2110e9c2a24794,145,818,Travel,False
cre_6ff4580dac834aca,52,121,Music,True
cre_101f2360f1304a77,9,1283,Music,True
cre_85f6b03d691d4cc4,79,1323,Comedy,True
cre_c78c768e8f36444f,79,71,Comedy,True
cre_d2a98ecd7df74e51,1286,1186,Food,False
cre_cae16d4bb1ed48b6,243,1399,Comedy,False
cre_a6573db88fd741ab,904,362,Travel,False
cre_5f5253ea3abb485a,78,585,Fashion,True
cre_9b7e39f21a41424a,51,285,Music,True
cre_3a6591d2a5974e54,50,1432,Comedy,True
cre_2c27661f5eb4487e,50,326,Travel,True
cre_a10a438a366e4946,574,1363,Art,False
cre_78bfe350f8274b63,31,1024,Tech,True
cre_c161ff7e68a64319,18,277,Art,True
cre_c4ef9852456b4901,94,95,Fitness,True
cre_940fdd7aea6d4326,185,1101,Comedy,False
cre_99e230a6f09b4395,74,850,Comedy,True
cre_f18eb2dceade4446,199,808,Music,False
cre_d68813d95f5d4ffe,937,985,Comedy,False
cre_9668d44280004a33,17,193,Art,True
cre_39488cf56fa44a17,172,1140,Comedy,False
cre_f084d0eec93546ee,246,313,Music,False
cre_3f8d32a1ccb94eea,86,187,Art,True
cre_5fbfc8f6444c4c9a,344,1380,Tech,False
cre_8f9dc1190cd94e3e,76,937,Travel,True
cre_eb26c6136bdb415a,86,1475,Art,True
cre_e420ded88528455e,55,769,Food,True
cre_b77aab0f4a5f494b,16,1347,Fashion,True
cre_c8b987c604094b77,6,608,Art,True
cre_2aa44a92f7c7451d,404,847,Art,False
cre_92ff05ed96284dbc,58,1384,Comedy,True
cre_defd3cce74104501,8,585,Music,True
cre_2777ed424ca24b8a,6,662,Art,True
cre_4d10b6ec983c4872,234,920,Music,False
cre_b793a63284b7499e,14,1291,Art,True
cre_3f5598c877264e35,261,1164,Food,False
cre_6c2ee1c16edd4b46,42,203,Art,True
cre_1468c448e16146c3,338,29,Fashion,True
cre_d79fbb1cb9e24fd9,53,1218,Tech,True
cre_7a34d3d5250442be,28,1189,Art,True
cre_d5c1f2d2debe4b44,154,1320,Fitness,False
cre_bee9f511b4b24751,37,349,Music,True
cre_8489b65f04e94d70,550,984,Fashion,False
cre_d2a49ca26444448f,48,513,Tech,True
cre_590594b74ddc4fe2,407,1439,Art,False
cre_0098162efa04435d,22,461,Food,True
cre_e9497436856141d3,22,1038,Music,True
cre_8219b7812f9b496f,17,718,Art,True
cre_69c82b9116c14d2e,182,1399,Food,False
cre_a3b5a8763a914921,5,680,Comedy,True
cre_aeed9a5b6632497a,130,929,Comedy,False
cre_cafdde95ff8041fa,113,980,Fashion,False
cre_6e1de80c21a54099,827,292,Comedy,False
cre_e6d5341393a94660,5,1168,Travel,True
cre_7ac61c7337a64c19,132,1470,Fitness,False
cre_a58695335f1a4049,80,884,Comedy,True
cre_b3984199ec6d47a0,15,881,Music,True
cre_fba7d7f49b024080,47,752,Tech,True
cre_f24bcb54d6554346,188,1296,Art,False
cre_c848c0926faa4a44,11,250,Food,True
cre_465b09af68774385,895,181,Comedy,False
cre_f4f23c2d9ca9489f,505,125,Tech,False
cre_85ffe6be9a1048dc,42,1243,Art,True
cre_43d1ccdc33d34ebc,471,733,Comedy,False
cre_8acf3fb289834623,116,251,Fitness,False
cre_70d4a58d4e734da8,61,903,Food,True
cre_e4b18b3702134b7d,33,1193,Comedy,True
cre_35c250dcaf4b423a,26,325,Music,True
cre_ff2d77f183d64712,179,951,Food,False
cre_1e0be555aca04df8,609,1232,Fashion,False
cre_3c6c54c2810d4075,22,59,Art,True
cre_ed0ae454491141ce,0,228,Fitness,True
cre_bf8a212eec374d8d,55,77,Tech,True
cre_ade8b2fdad50453a,8,1484,Music,True
cre_d1ee8fabfaa94d20,31,617,Fashion,True
cre_c741d8aa97b3476b,72,261,Food,True
cre_9af9735ec9a543ea,337,405,Music,False
cre_748568b405d440e4,53,50,Art,True
cre_b42271d902c34909,523,973,Music,False
cre_7c6846fc9a694c20,539,1286,Comedy,False
cre_4b1361b311d04fc1,206,1438,Tech,False
cre_585d8fa989dd4f79,284,1044,Fitness,False
cre_639391c3c2d44261,7549,304,Fitness,False
cre_55774daac1784643,213,498,Tech,False
cre_09db2f5659da4a18,351,1094,Fashion,False
cre_7cc914ed2df547dd,538,191,Travel,False
cre_7287d5f3794042e4,46,537,Music,True
cre_1923a629fce64db6,84,464,Travel,True
cre_87c12c58635a4a3e,18,761,Fitness,True
cre_c4d59835e25a4793,722,23,Travel,True
cre_beee64e9f1d744c1,18,514,Tech,True
cre_3c88d8ad262c4aed,798,1092,Food,False
cre_acc44a4905ef4cbc,15,1253,Travel,True
cre_a2d0f5a1837c4232,975,1085,Music,False
cre_f31a092c6caf47c8,95,1474,Travel,True
cre_6bd812790be24fb8,142,764,Tech,False
cre_0fbacc1cd4ec404a,18,406,Comedy,True
cre_6177c44dfac54f6e,34,1269,Fitness,True
cre_a3a2e94aea2b44a7,28,393,Comedy,True
cre_0eb74c4bf96c437c,31,1497,Music,True
cre_c5df207c7403491b,85,432,Food,True
cre_12a3d9bfbb184abc,79,918,Comedy,True
cre_241534092c9547d0,230,637,Travel,False
cre_36d8923da2694b42,114,1211,Food,False
cre_6b2d143e329a4879,0,1304,Travel,True
cre_cce0fe554adc44b9,622,1010,Fashion,False
cre_53e2b7a0a2204b56,177,889,Comedy,False
cre_8dd6478e7c7e4fe0,67,1399,Fitness,True
cre_1c028894c0954918,9,1317,Tech,True
cre_75efac00662b4889,101,1129,Art,False
cre_9153ef4b126e48ec,35,819,Fashion,True
cre_acee953709894859,37,1182,Music,True
cre_7b5c1673aeee4324,111,1165,Travel,False
cre_f3c5185d5e6a4d12,146,745,Travel,False
cre_75014abc4be4454a,12,1177,Comedy,True
cre_e9f6794f19c44eed,60,947,Comedy,True
cre_9ee57bc1b9a34e0d,18,801,Tech,True
cre_a4bb506be2634785,6,1109,Fitness,True
cre_ffe8dd8cd46245ca,45,1215,Art,True
cre_1b29e3bc422c4548,31,290,Art,True
cre_8f4af199b5d540b5,83,537,Food,True
cre_7d90253989524d0a,35,1164,Comedy,True
cre_5541ea643f064da7,310,1394,Fitness,False
cre_525a6c3147e74a55,260,1399,Fitness,False
cre_3eea37a93da94010,28,1295,Fitness,True
cre_fca8db6952334cdd,19,834,Fashion,True
cre_2d1510db3e754f7e,1332,1331,Comedy,False
cre_c6c90d08e375434b,11,1439,Comedy,True
cre_9d377aba26c84566,51,825,Tech,True
cre_d1201685912c4079,4,518,Travel,True
cre_5c0d5f2a96644dbd,25,731,Comedy,True
cre_97ecd38a360d4d25,355,652,Music,False
cre_be2bc6966cde4ab4,136,581,Music,False
cre_d9e77dc7327447f7,55,566,Food,True
cre_0ba7662439894a47,36,961,Fashion,True
cre_8a7e76ce3e7845b7,561,464,Fitness,False
cre_c01e4e132b3341a8,230,1224,Food,False
cre_1d483e0fe1324e95,202,432,Fitness,False
cre_be115f2a5d214279,10234,1305,Art,False
cre_14a9334fb2884c7f,49,610,Fitness,True
cre_28773f101c88445b,28,1393,Fitness,True
cre_40b9c59e44444e78,12,804,Food,True
cre_1505cb92af004b3d,101,1484,Fitness,False
cre_eb3fd84239524e1c,59,292,Travel,True
cre_1a8633cca9394830,29,995,Fashion,True
cre_26180b7049e44422,493,794,Travel,False
cre_9887731168534eb5,82,467,Tech,True
cre_3af104ab58f34809,66,154,Comedy,True
cre_5fce13276cce4a50,217,1063,Fashion,False
cre_7c34239cec1841ef,25,218,Music,True
cre_98efb15c6c654956,673,259,Fashion,False
cre_42822fea9e004c1f,3,121,Music,True
cre_f7f03f59f9674b0e,1189,370,Art,False
cre_edc1df4b3c4740ce,370,446,Fashion,False
cre_d8faf84e266d46c3,13,823,Food,True
cre_9185d5e1a18b48fc,6,1013,Travel,True
cre_0393cc3ff4594cb9,409,971,Fitness,False
cre_1e525c5828474a64,15,376,Fashion,True
cre_8d016d4a9fb6430b,18,303,Fashion,True
cre_cc7e4883cf524173,609,1060,Art,False
cre_276159cce9724198,19,1162,Music,True
cre_194f46feba3a4806,13,517,Music,True
cre_027cf720e281443c,127,1174,Comedy,False
cre_b49d54b21955453f,16,23,Art,True
cre_23caf4d37a974886,34,792,Comedy,True
cre_e950382dd2b84d15,62,539,Fitness,True
cre_629c2ea137ff4bac,75,1094,Comedy,True
cre_f30c3293e2e24983,72,285,Fitness,True
cre_a41657e0e3864ad3,52,824,Fashion,True
cre_2c76c2693ccb41d9,99,303,Music,True
cre_2820454f102e42a9,395,297,Music,False
cre_31eb009951134ebc,364,1396,Music,False
cre_c9aa10026cbd4add,30,3,Fashion,True
cre_b220a83d0640438f,26,558,Food,True
cre_1d4e6246a089400a,180,1266,Fashion,False
cre_20be5af279c34228,111,955,Art,False
cre_c03f3c86e6754878,94,939,Music,True
cre_99cb4caaedb04396,26,621,Travel,True
cre_1d186f9ef6ac46fc,24,748,Comedy,True
cre_08ae3798c6d44b79,10456,978,Fashion,False
cre_277913af79e64338,11,328,Fitness,True
cre_1424f467289e4d3a,79,807,Comedy,True
cre_1b47f6dfbe79469f,6,86,Fashion,True
cre_eb9560003019428a,926,358,Food,False
cre_2c5f32da0aed461b,139,1319,Comedy,False
cre_4f76c162ae0b432a,26,469,Fashion,True
cre_864492e9c61c4a0e,19,164,Music,True
cre_3196731ef9064d44,199,1238,Comedy,False
cre_9abfe25492c14a15,15,328,Travel,True
cre_1699949c158b4f38,46,324,Fashion,True
cre_acb4641b58734f87,11,232,Food,True
cre_b8d8fbe99f9d436e,42,1307,Food,True
cre_c318b6fc4f6b47e5,109,493,Art,False
cre_a4481f176beb4f15,91,163,Fitness,True
cre_531e723925954b4b,120,238,Comedy,False
cre_977ced4b0f4247ee,48,824,Tech,True
cre_5e252b7aa0204ea5,26,360,Travel,True
cre_0c229d3f2bf84295,34,456,Fashion,True
cre_867340e4c20a4608,101,292,Food,False
cre_d09fc7775bc84a40,5,592,Comedy,True
cre_13237345e1194c2c,188,465,Fitness,False
cre_70c3f4cc80e648ef,32,1130,Tech,True
cre_dfcd0f73e6b1459e,161,363,Fitness,False
cre_bd31040bf72a4053,218,780,Tech,False
cre_3de08cdffa2b4230,45,1291,Food,True
cre_78b230dfd07e42d1,50,932,Fashion,True
cre_4a019994f27642fe,7,1254,Fitness,True
cre_b5e1d18165424cf5,2919,1493,Food,False
cre_11d32d0b541f4ffd,436,634,Tech,False
cre_f8651a59444d4396,18,846,Travel,True
cre_3e46169f77df443a,13,370,Travel,True
cre_37627ee01fff4389,939,700,Comedy,False
cre_a589e968dbbe488c,37,1086,Tech,True
cre_ad57a8257ff84aeb,401,1282,Travel,False
cre_71f87a91909e4943,464,855,Food,False
cre_33303a21fc8c435d,300,1192,Fashion,False
cre_5c788d9d0ea147b7,766,494,Tech,False
cre_f35f716ed0474b0f,72,1457,Comedy,True
cre_427c770b622a4a05,71,493,Tech,True
cre_ec5ef5ea09e84507,55,450,Fashion,True
cre_dce2d6bd54964d47,336,1472,Comedy,False
cre_953b2b8ef29240dd,225,924,Art,False
cre_194a90a9cd05465c,65,1433,Music,True
cre_235081cf5172481e,43,940,Fashion,True
cre_fd193595805b4864,12,865,Fashion,True
cre_e29315bf2b024514,93,186,Food,True
cre_d09e63265e7f436a,83,485,Fashion,True
cre_1079e4ff0b1a4a92,260,337,Art,False
cre_00f8c7fcbeb94935,919,1096,Comedy,False
cre_0726ab0b7a294a80,5,862,Art,True
cre_58e177f800954121,12,712,Tech,True
cre_f311c81a6b4c4357,149,138,Food,False
cre_4bc7c2ae75fc4f0b,68,476,Food,True
cre_81a2935a8e4e4bb9,49,1066,Fitness,True
cre_079a7acefa4e43f6,13,1324,Music,True
cre_3ca6df80147143d1,36,1230,Fashion,True
cre_3e04c3f821dc4ee1,49,1291,Comedy,True
cre_c058528cca74455a,937,517,Tech,False
cre_ddeb0ea303ad47f4,33,971,Travel,True
cre_ad8d18e65b1b460a,23,383,Art,True
cre_237aa32df20d49f9,7,1038,Travel,True
cre_f719c3117b9f4821,38,111,Comedy,True
cre_bb1e34a380174c5b,808,218,Music,False
cre_f9023f0ef56646a1,282,1190,Fitness,False
cre_f5c15a5b37044e01,129,1109,Travel,False
cre_a0c2da61ebc848eb,1988,64,Food,False
cre_0d55cbc4898140dd,1600,890,Tech,False
cre_a9ce0d0258784d1e,130,334,Comedy,False
cre_c0ed4c7618b84247,36,67,Comedy,True
cre_6007c470c99548a4,170,497,Music,False
cre_112f1e70d8df4197,529,678,Art,False
cre_e78618b18a5b4c16,95,162,Travel,True
cre_d4f05db2910742d5,31,28,Fitness,True
cre_c8b7637bd6d945e1,134,636,Music,False
cre_a11e6f80714242fb,4,1380,Art,True
cre_f6335af7b9cd4415,27,616,Art,True
cre_9ac1a6ef38de44e7,34,1063,Music,True
cre_b2751c38d9a2433d,41,1174,Comedy,True
cre_e8ae6374e93949fd,5,271,Food,True
cre_f14e9122692d4701,14,1222,Fitness,True
cre_4b29a6a1bf8d4867,76,705,Music,True
cre_c2dabffdf8c84375,89,1102,Fashion,True
cre_1415ae94a09c448d,450,767,Food,False
cre_60ae607d2cec439d,59,1236,Tech,True
cre_986108cc00fb47e4,121,1145,Fashion,False
cre_6ffefcbb50214c90,39,924,Music,True
cre_93b6cb0778694438,121,567,Fitness,False
cre_3c9a4cc548a241db,56,246,Tech,True
cre_0b5149596af64ba4,159,1253,Tech,False
cre_fa8028b0239c454a,0,955,Food,True
cre_aece8823b70945fb,24,1,Comedy,True
cre_8cc24c03f74f4b22,3088,286,Comedy,False
cre_022b0197e79c443e,384,707,Food,False
cre_5cb6026ec50a4fc6,300,1029,Fitness,False
cre_d059e134c3604a64,2749,388,Fitness,False
cre_6bdf9b3622c34682,133,1235,Food,False
cre_6c3263e4d0804061,13,35,Comedy,True
cre_73c8f888f193442a,25,136,Fitness,True
cre_52c7384426584357,590,1492,Fitness,False
cre_83343bae84b54f8e,121,915,Fashion,False
cre_6d1bd96e92934d24,907,1300,Fitness,False
cre_5a2ddf74d9f14c85,22,1117,Tech,True
cre_54946ebb7f4a4fe5,9,1250,Food,True
cre_c62b0ff586fa487e,12,83,Music,True
cre_3ac60df7010b47fc,11,779,Art,True
cre_fb1e5e0eed454bd7,44,200,Tech,True
cre_be906cb62be14983,33,300,Comedy,True
cre_33f35642d61f4a2e,28,1356,Tech,True
cre_5867dbd331224c4c,19,646,Fitness,True
cre_62228fbca8de4576,270,1172,Tech,False
cre_ea04d9ddc6c44f2f,32,136,Art,True
cre_d33bade880da4da1,66,766,Comedy,True
cre_c234775cf22545af,253,38,Fitness,False
cre_9dae8c7866094761,240,1122,Comedy,False
cre_835f91ccff584db5,5,56,Tech,True
cre_3db3965f6a474cb6,6,108,Food,True
cre_9b6cfa84bf414d9f,16,492,Food,True
cre_2784eb7e6bfb4f96,9,886,Art,True
cre_20f983031024427b,23,976,Art,True
cre_10b662d924da4d7a,42,545,Fashion,True
cre_bba1ea2b668b4d46,109,1471,Fashion,False
cre_b9eb8b3bc8234e34,2,1491,Music,True
cre_9999268b09034ccf,67,1155,Food,True
cre_7ae24436ca3849f6,65,233,Food,True
cre_7f03523534fe4f0c,169,592,Tech,False
cre_a3907aeccc1142f6,33,1043,Fitness,True
cre_91ac15674ef44df8,82,32,Comedy,True
cre_16cac40d41c84ba3,143,1285,Comedy,False
cre_58c5a17519ec4442,128,979,Fashion,False
cre_a48b19e5bfe84e16,48,728,Music,True
cre_bb397c5da3c74dcd,260,723,Food,False
cre_1051045bd4fe410b,476,1299,Tech,False
cre_1c70744d8ac1458d,110,812,Food,False
cre_c019c7dc307647f7,9,1341,Food,True
cre_86256be7f5144b8d,26,1098,Music,True
cre_8db4edecde1e48c4,40,113,Fashion,True
cre_ced5dbeddd0f4e83,26,806,Tech,True
cre_c32c70ddd00f46ca,7,87,Fashion,True
cre_ad5e7388afca410d,86,672,Art,True
cre_a002cf600f7c4302,214,170,Art,False
cre_f3b9e6735295408b,6,1182,Fitness,True
cre_b39ba2e7baf74b87,30,221,Fashion,True
cre_9b8a6680ca6c4993,14,613,Travel,True
cre_4eff87341a434aea,72,1048,Food,True
cre_7ab3771169bf4367,161,1476,Fashion,False
cre_012519fd04b449ad,57,903,Fitness,True
cre_e5ea61a69fd44c91,76,206,Music,True
cre_65d03ac3b5ca45e3,94,453,Fitness,True
cre_5896155915394f00,47,1187,Food,True
cre_6719c6b190d24a53,38,194,Tech,True
cre_8e2a38c963d54848,267,129,Art,False
cre_527280dfc2cf46a2,28,154,Fashion,True
cre_f755b71aa6f949ca,258,1472,Tech,False
cre_8933283073014523,46,486,Art,True
cre_cd83140b2d0e48cb,60,1396,Fitness,True
cre_69d4046188cb4714,13,1027,Fashion,True
cre_43957bad85e547c4,339,388,Tech,False
cre_e45e255578964c93,100,1207,Tech,False
cre_f77bdd61eed24b9b,8,271,Food,True
cre_0015f0c447a74c89,98,413,Fashion,True
cre_494ee47aceb747b9,363,551,Comedy,False
cre_ac0ab5dde80c4c60,84,530,Fitness,True
cre_c0942ebfabe941d4,35,1056,Travel,True
cre_558bc417a3bd488f,33,779,Tech,True
cre_2b8a7d85d5dd48a1,38,423,Fashion,True
cre_1428271b8fed40cc,124,1481,Comedy,False
cre_40e0290664e744ee,5,15,Comedy,True
cre_bdb5251020e44c6a,5289,460,Fashion,False
cre_c1e0cd82c6e84edf,1,55,Food,True
cre_b8e5e844d358415e,16,238,Music,True
cre_34b7fede15d24abb,4,3,Tech,True
cre_6be764b1c88a43f8,19,1324,Food,True
cre_d7076196191548d4,59,517,Fitness,True
cre_ed1881788d634369,101,274,Fitness,False
cre_1d721f7fddd64438,15,1289,Tech,True
cre_cfe416c59b8e4400,899,733,Comedy,False
cre_13027626a82a4227,306,1111,Tech,False
cre_73609ae8bf954a02,40,349,Fashion,True
cre_a499d64942394c0a,13,1057,Tech,True
cre_707780ab08254c98,29,1291,Fashion,True
cre_c60a350903644537,19,598,Art,True
cre_2e89066229f54f01,207,355,Comedy,False
cre_9fa9319ad6094754,47,631,Food,True
cre_38f09da6e2d748b5,28,758,Comedy,True
cre_bc531ab9888d4fb4,154,935,Travel,False
cre_5a8ddd82bc6749e4,18,803,Fitness,True
cre_b1bc3ffefc7e4e6f,12,817,Music,True
cre_119ab1829e2d451a,132,306,Fashion,False
cre_c1a598cced894b20,30,438,Fashion,True
cre_cc8b01661ef8400f,217,139,Food,False
cre_5fdcee1b68b3490e,25,596,Comedy,True
cre_3bc89a19a7b8446e,18,152,Art,True
cre_5ad45a317a514bcb,89,367,Travel,True
cre_d565a7d3229a43ea,13,1257,Art,True
cre_f43ac4986a224f80,34,106,Fitness,True
cre_c7cb0b51802c4d13,198,1057,Food,False
cre_91e5e79765cf4d94,20,760,Tech,True
cre_b994a33a716f4b34,107,770,Fitness,False
cre_f5b663cdd13943d6,9,965,Fashion,True
cre_29479572a2d34050,39,1114,Fitness,True
cre_51a20f357b554bf7,369,1127,Art,False
cre_214bca26dab94267,42,989,Fashion,True
cre_20c9b043e06b4c53,72,547,Music,True
cre_6680ecfcaf134752,10,1034,Fitness,True
cre_9a87df6228dd409e,113,201,Art,False
cre_404ddaf62d94491f,91,518,Fitness,True
cre_c7a5283663c04dae,201,502,Fitness,False
cre_e98e3d9f6d1243ed,61,278,Travel,True
cre_a8f2f7051c3b4f22,826,1383,Music,False
cre_3b9f25ae0cc745b9,34,708,Tech,True
cre_129af187bbf34866,37,892,Fitness,True
cre_00afbb8918414e0c,112,902,Music,False
cre_c67454507a1445a5,19,1099,Fitness,True
cre_a4951a576b4c4c8f,201,551,Fashion,False
cre_1a7825940e344a80,8,822,Fitness,True
cre_71280be5cf394b8f,6,318,Fitness,True
cre_b0309a4917784168,20,521,Tech,True
cre_516d68c491cd4a67,1,169,Music,True
cre_072424fa85064a42,2823,1171,Tech,False
cre_b7e42e3e51a84a68,53,622,Travel,True
cre_b4b224605d52441b,14,1014,Tech,True
cre_008258ba14a74cd8,14,1323,Food,True
cre_fcda96c5880b43cb,44,661,Art,True
cre_7f5aba73ad3544ce,35,1102,Travel,True
cre_3e53865378b24fc6,53,434,Art,True
cre_22903cbb59d445cb,47,506,Comedy,True
cre_0a55ee7b7341492e,51,76,Art,True
cre_465c1c9ad7a74c45,263,695,Music,False
cre_1c73a72b28fd4cec,17,1093,Music,True
cre_fd7caf9028a340e7,32,549,Travel,True
cre_54f7d2f46ff84edf,8,363,Food,True
cre_edca631d3312467c,482,1091,Food,False
cre_fa217f6e163f4106,10,866,Art,True
cre_62d0835cb7cf4990,50,1484,Art,True
cre_a5ba99d08bed4cdc,41,746,Art,True
cre_ccd20f31457a47e2,69,552,Art,True
cre_2dc8eb0617914103,351,1467,Tech,False
cre_922afb05bbeb434f,89,713,Fitness,True
cre_1d5effb2ce604850,44,328,Art,True
cre_5d9eca1452264fdb,59,39,Tech,True
cre_3685a1c17fb341c5,20,220,Fitness,True
cre_5216158eba824252,46,1087,Art,True
cre_31c34e2fa8234a25,11,1175,Travel,True
cre_8e1129797150494e,36,233,Travel,True
cre_ea50ff9383934d53,14,1103,Fashion,True
cre_d7276fb433c94ef5,20,233,Fashion,True
cre_23168c0190384a24,25,1247,Tech,True
cre_007a2f160514484a,89,808,Art,True
cre_f074d77559d7441c,96,198,Music,True
cre_7d09915a22bb4d8c,66,1055,Tech,True
cre_efe7a202f2d14bd3,239,834,Food,False
cre_0f383bc968a742e7,9,337,Music,True
cre_cabe255aea0849af,6,17,Music,True
cre_f2deb4f8d62c4586,1324,1255,Music,False
cre_879152257e61483e,564,1077,Food,False
cre_08e66475c297422e,13,476,Fitness,True
cre_ef868356d8d84b95,119,337,Art,False
cre_05182e59b6c04d5b,10,909,Travel,True
cre_4ac5663167c94d05,439,990,Food,False
cre_5ab60688e89041bb,64,12,Art,True
cre_f5261f74837f4b78,142,1308,Food,False
cre_7beff437c61e452a,389,68,Fashion,False
cre_cf735d35e5b447d0,98,829,Art,True
cre_e2afbef3278642cb,562,1032,Food,False
cre_c8b3f4e5e4e04773,15,182,Tech,True
cre_fe5e9e45395742e4,43,647,Travel,True
cre_bfb1234f92344985,77,218,Tech,True
cre_ece088ffc0744a91,56,687,Fitness,True
cre_a3cb4a5d006d484f,1512,498,Travel,False
cre_94a91942474149aa,311,1423,Art,False
cre_0761636dfec44e75,17,862,Travel,True
cre_f24faafcab654ab7,2772,262,Fashion,False
cre_bbab8e090a464290,12,294,Music,True
cre_4573455e1a4146aa,761,1468,Tech,False
cre_a7f787ffa4e6458b,93,602,Fashion,True
cre_2693c26610e745b7,44,768,Fashion,True
cre_25a21d5c9d9d4767,148,639,Music,False
cre_b0e6d096284e4918,245,970,Music,False
cre_85cd0991800a46d9,429,382,Comedy,False
cre_752db6f8375f4961,0,145,Fitness,True
cre_76da6b7ffbe84280,808,266,Travel,False
cre_2e69f3709afe4e0f,61,1377,Art,True
cre_c3081f77cac04036,83,720,Art,True
cre_f5cff86978ed422b,11,595,Fashion,True
cre_64a58f33b9864675,891,462,Fashion,False
cre_1864f665e4904935,48,588,Fashion,True
cre_09e6e53ae6a64142,7,1486,Art,True
cre_3950d3379e9a4648,22,845,Comedy,True
cre_304badd2eb55441e,94,586,Music,True
cre_121c3df6e5494ac3,63,823,Fitness,True
cre_4cabc3d8a168405d,1328,1188,Fitness,False
cre_04a88cbfef894dae,919,1259,Food,False
cre_2964106e3d9f4fed,143,560,Fitness,False
cre_59df228e114840d9,116,497,Food,False
cre_b77d7cc0bdb6433b,236,1256,Fitness,False
cre_9e9a15c939fa4a35,200,347,Music,False
cre_a36a88e4c3304e80,7,1155,Food,True
cre_9472d5aaefd6471e,1,525,Fashion,True
cre_b00f3041003c43fb,7,631,Fashion,True
cre_3f33a2308ef841a7,453,900,Fashion,False
cre_7343e9fedb4f4f83,227,230,Art,False
cre_372a66102b564113,52,1172,Tech,True
cre_e5c923089dea47de,7,1078,Fitness,True
cre_c2b759e8c84e4edf,57,1104,Music,True
cre_4d35465a8d0a4bea,1295,391,Music,False
cre_33cc4a42d19c4ac0,1,327,Fitness,True
cre_3dffae25bd5a4f44,8,1169,Tech,True
cre_c5d232f2d2154f7e,107,482,Tech,False
cre_980ca63a3c304bb8,28,1227,Tech,True
cre_c5601616b9f943bf,117,212,Tech,False
cre_8c5b01ea01e64378,57,121,Travel,True
cre_7b23dc132d6544b2,128,1041,Food,False
cre_7429f30616ac4a55,70,106,Fitness,True
cre_482969c2c84f46a1,157,583,Fashion,False
cre_f020a66d23504d5a,228,284,Travel,False
cre_25e72a58963a4da8,123,848,Music,False
cre_6ee643cf00cf4ee8,2,151,Tech,True
cre_b0e5b1831ff44121,9,1147,Fashion,True
cre_e945a93da2ac4f3f,73,512,Fashion,True
cre_e28fd80285074894,10,778,Comedy,True
cre_7fd65bfa3e8c4306,55,111,Fitness,True
cre_a8d00aa0b26e465f,119,24,Travel,True
cre_71c823496a314df7,18,1428,Fashion,True
cre_a7ac2dbe5ef94622,169,19,Fashion,True
cre_4c983deedb78403a,234,407,Travel,False
cre_a614a258322f4f4d,345,251,Food,False
cre_7306045f9f984835,20,1344,Comedy,True
cre_814cb138e1034acd,433,1167,Music,False
cre_119f94e956c14207,34,132,Travel,True
cre_46a36e183bd24804,129,500,Food,False
cre_b9f90b260f5f496b,1233,1092,Travel,False
cre_536015b0604b4699,29,253,Travel,True
cre_38586981486542d6,17,1288,Music,True
cre_aac4dc4483e54751,29,1234,Tech,True
cre_b35734e00fea4a99,12,1470,Music,True
cre_6ce05ff2b7884aec,47,422,Fashion,True
cre_589a35be5d0c4be8,88,1218,Fitness,True
cre_e4138b5402a8489f,29,1362,Fashion,True
cre_16e43f0f307e4bfc,924,1216,Art,False
cre_298157755dfb475e,5,1175,Music,True
cre_fac0b07ea230458c,130,276,Fashion,False
cre_75c5275306034230,198,435,Food,False
cre_79ede8baee7a40e8,9,299,Tech,True
cre_6c4b30a9aa194d72,209,872,Fashion,False
cre_76489956fe2a4d69,42,1044,Music,True
cre_8e42e96ea8d642ea,2167,1103,Fitness,False
cre_3ab7c4ea8d06488d,53,890,Fitness,True
cre_f75ebb8cf5f048be,115,917,Food,False
cre_e23931a4feda473e,364,154,Art,False
cre_56be88e0d78d4215,113,490,Food,False
cre_776ed437d69d466e,4,407,Comedy,True
cre_d24520f4e9bd4b14,46,133,Food,True
cre_27730e3ebdac42a2,53,68,Music,True
cre_a1925887b0a8483d,18,818,Art,True
cre_cc8f7af229204854,48,144,Food,True
cre_188466b1c6e64467,207,201,Travel,False
cre_6e319c0407f949b1,420,178,Food,False
cre_aeaea5fe9b754d3e,96,214,Tech,True
cre_c7aff35c71684221,147,464,Food,False
cre_5860a83ca75d4844,372,758,Travel,False
cre_980ea09291eb46bc,187,1375,Music,False
cre_1d2fb52b939d441a,79,24,Fashion,True
cre_114d5e73a09c49e1,99,1,Art,True
cre_26074020c15a4832,175,1309,Tech,False
cre_6478e3481926444a,6,1485,Art,True
cre_ac1e467e4dfb4c91,308,644,Fashion,False
cre_6836fec55ae049cf,385,489,Fashion,False
cre_4f49c053139c4949,55,1343,Tech,True
cre_3bc79804a7f74be9,43,1046,Travel,True
cre_94f22237d8954dfb,50,226,Music,True
cre_6f39df3bbe0d4859,50,697,Tech,True
cre_97de7971d8914833,5,1190,Travel,True
cre_02c0c9101cfb43e2,582,309,Fitness,False
cre_096427e8105a4aec,374,928,Food,False
cre_cf553747ec3d4dcc,24,9,Music,True
cre_1bbf6fdcccbd47b9,421,1235,Tech,False
cre_4b4ba5052c384c03,130,255,Music,False
cre_e68dcb18be9046ab,0,156,Music,True
cre_f4d75088af0849c8,16,615,Music,True
cre_f1811ac7a132409d,0,752,Art,True
cre_bf08f1e71c404e4c,21,1059,Art,True
cre_0aea31a998bf43fd,53,572,Food,True
cre_b8662293281d4ab8,25,315,Comedy,True
cre_244e24dff257432d,13,1264,Art,True
cre_362dda07b4714582,26,926,Fitness,True
cre_64859d5994fe4b0a,1,1109,Tech,True
cre_68b3dbbb8b5e4bea,76,368,Comedy,True
cre_82c0f7130f084fe7,690,872,Tech,False
cre_457930024ffc4aef,8,953,Art,True
cre_28b2b5add0484f25,420,191,Comedy,False
cre_b1d48d53c44e4ad0,214,1108,Fitness,False
cre_519f64017ffa46b9,303,1131,Fitness,False
cre_049bae7d3bde4861,14,646,Comedy,True
cre_6248f1d290eb43a9,61,701,Tech,True
cre_84eeffc6738d4756,48,103,Fitness,True
cre_1a29f2187c154f13,17,337,Tech,True
cre_de4bbcdf19254121,10,685,Travel,True
cre_90b39791b6c24896,272,626,Art,False
cre_347ae029c2d544ac,55,231,Fitness,True
cre_10ea37632f8a471f,43,1365,Music,True
cre_5c2eee7157fb4861,21,716,Comedy,True
cre_f3b08a68d75c45b3,20,789,Tech,True
cre_01d9416c798f4dd9,88,1368,Food,True
cre_9e0602e8de41492c,427,767,Comedy,False
cre_9d539bf108184c43,476,106,Fitness,False
cre_0fc841b123b040fb,4,338,Tech,True
cre_dd67c9cab4a74cfb,31,1346,Food,True
cre_1bc1f6f357a74fc6,55,798,Tech,True
cre_f1d32c929a564983,12,1172,Fashion,True
cre_a6907021df084df3,109,527,Tech,False
cre_2006065d5a774988,2,210,Tech,True
cre_fddc41d9e9cc4084,1,351,Fitness,True
cre_7b821d15a53d4a2e,697,1106,Comedy,False
cre_32f641c0ac2e470c,46,939,Art,True
cre_fcdc969d038c4a4f,1230,862,Tech,False
cre_4cbddd29ef5c4ce1,315,1346,Travel,False
cre_9e195496216047b1,139,638,Fitness,False
cre_f36febbf7b034240,945,1057,Tech,False
cre_54b18a4bae3540aa,44,83,Fitness,True
cre_10fd938f2f384dc2,256,1291,Comedy,False
cre_cb7e851e63a14f56,201,561,Food,False
cre_7050f4693ef44616,172,1426,Travel,False
cre_a789400a8af54996,22,1103,Fashion,True
cre_47cf11b5e3b24ee4,44,1397,Tech,True
cre_736f45495eb84e8b,319,782,Travel,False
cre_ead3bc3c56af40fa,266,829,Comedy,False
cre_cba3c79fd996421a,178,1295,Food,False
cre_8be3deeee0b143be,5,1256,Art,True
cre_d81415d8bb2b4461,220,2,Fitness,True
cre_b9c02be0911242f2,46,692,Food,True
cre_04d3acff3a5f4146,28,361,Fitness,True
cre_62f3f4e0cf304a23,28,339,Music,True
cre_e2f5532c45414bbf,45,502,Travel,True
cre_c8c15d9f431b4ddc,41,925,Music,True
cre_0f5302ce2fac44a7,2848,1458,Fitness,False
cre_88b1ded0935b487d,156,21,Fitness,True
cre_1809193ec9a24646,31,1189,Fitness,True
cre_d9e22bde8e2e46ef,308,471,Comedy,False
cre_258654eea62041d0,1006,1273,Food,False
cre_34675b97030246de,60,520,Travel,True
cre_a0b1206b5ba841f3,0,430,Travel,True
cre_b9c40e461f4d44c5,63,317,Travel,True
cre_0f03ea9f52e241c4,15,240,Tech,True
cre_b95e3ab05b444c51,4,1490,Travel,True
cre_ecb8c888265f497c,47,1107,Tech,True
cre_1eee9259b45f43de,72,255,Tech,True
cre_1740359a0c19452a,11,167,Comedy,True
cre_2bb0a1f6bf9f48c8,69,955,Food,True
cre_c4c59102a1ac40b2,143,1231,Travel,False
cre_93728df5c7f94762,938,1237,Tech,False
cre_81d0d98e471246f0,11,854,Tech,True
cre_11d3e956e6424ee0,156,1340,Fitness,False
cre_bdc3e7dfa9f6406f,25,386,Fashion,True
cre_26c84d80048b4a77,20,152,Tech,True
cre_79da9e43f2bc499f,117,1281,Food,False
cre_7453592b0872431d,14,1435,Travel,True
cre_7973acb5d360436f,63,1437,Art,True
cre_6775887840214626,394,1094,Tech,False
cre_49033905c3904668,532,78,Fashion,False
cre_4e1d5f5f5f72442e,231,1023,Food,False
cre_6734c0533fdc47b4,26,580,Tech,True
cre_1793a2830e414103,114,1249,Fashion,False
cre_0bb7be2edc374b0f,53,977,Fitness,True
cre_5c103bdf02e44a26,1152,543,Travel,False
cre_9fc7c8f093c0484e,583,578,Travel,False
cre_827b229a187841bc,1,657,Music,True
cre_a85a29edbe66445f,113,555,Tech,False
cre_bf1176ae2a5e4b70,99,1365,Fashion,True
cre_f7cfdd88468c459c,894,876,Fitness,False
cre_e6535f5881884af0,214,1434,Fitness,False
cre_9d7f35e8f3b444ff,74,1319,Music,True
cre_1df6033212b34a61,207,844,Music,False
cre_6c5f726cd466453b,34,909,Art,True
cre_f592bc2cbba7409e,41,88,Art,True
cre_ea35bd21c091469e,172,1169,Fashion,False
cre_f42d298359604631,11,546,Travel,True
cre_85f4419e4a974249,61,1415,Travel,True
cre_d9e54f23ffdc4f22,142,101,Tech,False
cre_27e67eed161f43fd,154,1070,Music,False
cre_bc1c2e5242544d78,126,497,Fashion,False
cre_10b31f9116e44ba0,131,403,Travel,False
cre_d7a57599acfb40b7,29,937,Food,True
cre_8256fc98586048ae,7,372,Comedy,True
cre_3546263359aa4492,62,811,Fashion,True
cre_a8cc21f0a45347a9,70,216,Food,True
cre_6a8499a4296f4290,39,5,Fitness,True
cre_d9e34a7c2d9a4a99,74,1420,Fitness,True
cre_f5383d382cb74a03,226,18,Art,True
cre_9c57c7b31ab3414a,22,1047,Travel,True
cre_eb5462614a60463b,182,528,Food,False
cre_a5962acb521d4aee,480,221,Fitness,False
cre_f42248c9e9184cc1,14,1033,Fashion,True
cre_c527f13ca3614623,51,791,Music,True
cre_a435973a750e44f4,0,580,Fashion,True
cre_942e3f9e298c4bb8,10,1226,Music,True
cre_8b37d071e2da46cc,21,1369,Art,True
cre_a40ae637c65c46ac,70,1156,Art,True
cre_956d7361c85f4363,193,953,Tech,False
cre_894f940f5bdd4cc8,15,1310,Food,True
cre_a451e064601942fc,192,1498,Comedy,False
cre_a4d388d64f7244db,121,1353,Travel,False
cre_c74335e9683c42fc,30,916,Art,True
cre_903ff796c30341e8,6,139,Art,True
cre_4e9d1c4ed36c466f,46,609,Fitness,True
cre_ce7124febf154bd0,11,1292,Food,True
cre_ad9151865afd4c96,20,422,Fashion,True
cre_ba64b4af88074cfd,110,1218,Fashion,False
cre_3359ab504a6b4c3b,980,437,Tech,False
cre_0e3d748afbd84c6d,12,427,Travel,True
cre_eba2e3b91d8d4abb,4,1431,Art,True
cre_8a0e48bdca1f48b8,131,974,Comedy,False
cre_66afd08425124fa1,53,99,Fitness,True
cre_c425a0d6ad7d451c,51,768,Tech,True
cre_fbc64e4cc03d47fc,37,436,Travel,True
cre_9fada70275064855,14,452,Music,True
cre_02a1195cfae2487e,103,766,Fashion,False
cre_124d55e22f0e4ef9,8,1171,Food,True
cre_d47daa0523544458,59,465,Tech,True
cre_057c30903a8645c0,142,1370,Food,False
cre_86b9a595bc184ae5,12,601,Fitness,True
cre_2c5454f67b5940d9,89,462,Travel,True
cre_b124361cd8b74197,478,329,Travel,False
cre_58917f9b810448c3,9,886,Music,True
cre_b755c191e1ce4471,15,968,Fashion,True
cre_cd40c94db4f34b7d,25,1117,Fitness,True
cre_1345ae54177144b2,31,1022,Music,True
cre_ebe3b74e852e4758,229,395,Tech,False
cre_c720168985e64a9f,6,141,Food,True
cre_1cf9aec29e9a44ec,11,1127,Fashion,True
cre_32a8d80ae9564d90,142,94,Tech,False
cre_2cb231617c9445f1,65,871,Comedy,True
cre_20bd7f3979234c8e,80,730,Art,True
cre_682765c56755471e,516,1126,Art,False
cre_c7e2abbf753443d3,11,1050,Travel,True
cre_a263d2db4f104a78,101,1376,Tech,False
cre_b05e5bac65584768,260,190,Art,False
cre_60af82a353b2499b,11,683,Tech,True
cre_a6cfd895f9f54f24,13,1162,Fitness,True
cre_ed37822077674d17,159,1498,Travel,False
cre_bf8d96379f9f4309,131,664,Travel,False
cre_7e73026e02b545a8,51,84,Comedy,True
cre_dfb2a86807b844da,49,571,Art,True
cre_12aefbb892844006,1,441,Music,True
cre_273c5e01324a4aa2,2,854,Music,True
cre_8d460ea431b541d9,97,524,Tech,True
cre_47e4abecee4049cd,154,388,Art,False
cre_cc48a7461c414243,53,906,Art,True
cre_fe61e712652146d7,24,1307,Tech,True
cre_1c0789a2b5f44105,16,911,Art,True
cre_39c715b6fac14348,150,1161,Fashion,False
cre_173ce8e625124a40,146,557,Comedy,False
cre_89ade50e141f4bcf,1056,1088,Tech,False
cre_b75ce4a8ca4b42ef,20,687,Art,True
cre_eaa38f7d0e9a4770,141,721,Travel,False
cre_37e78f1d6b65436c,267,892,Food,False
cre_f34b02d399db4e0b,227,655,Fitness,False
cre_e9a98ddd3f694cc8,21,549,Music,True
cre_e6600662c0ec4d69,89,302,Travel,True
cre_8d57560a077e461b,2,1177,Tech,True
cre_fb585d2702494c12,28,911,Comedy,True
cre_4ec596601d1b4784,56,100,Fitness,True
cre_db22658f77284251,125,1269,Fitness,False
cre_b8bba44bf87f4b69,7,681,Fitness,True
cre_8a076fb278cc4a41,435,895,Travel,False
cre_79ebf7b3f37145a1,9,769,Fitness,True
cre_d55b0647cf284a01,19,765,Music,True
cre_cab5991caebc4ed7,96,294,Comedy,True
cre_685b5c60df074b52,38,824,Travel,True
cre_11da93ae80d140c2,418,252,Fashion,False
cre_b119c848d9a04f8e,929,1475,Comedy,False
cre_958d60108ca64a46,29,1188,Comedy,True
cre_efbbc018da75445b,25,716,Art,True
cre_629da81fbfb3476a,179,1381,Fashion,False
cre_5fcc24d1b5b84d5d,7,1110,Art,True
cre_94475b6bc1764f35,81,528,Music,True
cre_9d6b34d88de446aa,34,272,Fitness,True
cre_c76068fba5334ac7,6,77,Art,True
cre_c90870c6ad0c4125,9056,1207,Fashion,False
cre_a6afca64fdd44d59,2,1391,Tech,True
cre_9b306c75076e4d7c,960,896,Art,False
cre_cbdda234353d4175,181,1060,Fitness,False
cre_7584717e386744b0,10,813,Fashion,True
cre_6a278ed47a5e4813,38,422,Art,True
cre_cc452982934a4e99,100,1491,Food,False
cre_fd92fa5e3df6488c,122,1138,Music,False
cre_d3b7fb0585584c23,10,44,Comedy,True
cre_a6a57daeda6d4c8d,19,144,Food,True
cre_1c390300688a42a0,692,1481,Tech,False
cre_6de41e706cd14587,11,1376,Food,True
cre_094ecc8b35c54e3b,3,32,Art,True
cre_8b19df083bad497f,3,1423,Art,True
cre_4e6c13fac2c4433b,213,629,Tech,False
cre_8dd5914be0a24b60,45,1398,Food,True
cre_fb8209232ad94466,1,130,Art,True
cre_65f61f0b47c946de,35,1265,Fashion,True
cre_4cfac749cad24ea6,151,207,Fashion,False
cre_78edb1746799446e,87,1372,Music,True
cre_8801704195c24b8c,3,86,Food,True
cre_bfe46927a25a42de,3,132,Fitness,True
cre_2084914586db48a3,61,30,Food,True
cre_4a454c77e6df4bb3,276,1317,Music,False
cre_ec2a654b58424dc7,525,220,Travel,False
cre_d09c77f688d24e86,10,921,Music,True
cre_a9be11b529e04585,45,145,Fitness,True
cre_0825ecae8d294412,192,310,Art,False
cre_c5e7eb705a104cd7,368,979,Travel,False
cre_172d61a7f4924287,77,188,Food,True
cre_7945e5168b884b76,218,784,Art,False
cre_2b43145bd37e4d58,93,938,Travel,True
cre_6a44353c95af4f52,103,854,Music,False
cre_98e3c250798944ce,63,933,Fitness,True
cre_53acbe7a639741e3,714,1038,Art,False
cre_da1568f1fb974713,64,359,Comedy,True
cre_5de39bb2e39944b4,53,1164,Art,True
cre_63bad0d076eb49f9,61,798,Food,True
cre_8eaf5199df4948e5,267,994,Tech,False
cre_9be82e0268b0451d,1,478,Art,True
cre_3109858706a7467b,41,1258,Food,True
cre_23be0bfbe3f14d87,138,986,Travel,False
cre_1ad8797e2da246ca,178,240,Music,False
cre_eb52977dcc604798,51,495,Tech,True
cre_df471fd95d704d62,75,807,Comedy,True
cre_79db837c12c746dc,160,148,Art,False
cre_5e781f924b034826,26,297,Fitness,True
cre_1a4350e9fb8a4cf0,65,770,Tech,True
cre_27f2b2fe6f7c485d,1,1243,Travel,True
cre_c9169f67399a4b90,124,1264,Fashion,False
cre_e50fb839a23b4e79,8,388,Fitness,True
cre_29906e8ea6804c5c,51,1435,Comedy,True
cre_21834f1d41c64c3e,24,1242,Travel,True
cre_a08dffe4186947e7,5185,482,Comedy,False
cre_531715a3411f448c,51,375,Art,True
cre_66f55584f6c845c4,77,1364,Tech,True
cre_6547e3963a6a4af1,75,865,Fashion,True
cre_ee9dbb543cb8421f,1234,143,Fitness,False
cre_65de37e26ee54425,410,485,Tech,False
cre_3a370d132ee14913,65,447,Fashion,True
cre_52c6435f507549d9,149,188,Travel,False
cre_afabba2d5d8945f6,20,1323,Fitness,True
cre_fd1557cef52048a1,84,1313,Comedy,True
cre_a162944a8b094c84,46,1132,Tech,True
cre_f3444fe4b3f648b3,120,1119,Comedy,False
cre_f10bf129a2094eff,20,779,Travel,True
cre_c7a47cd0cfc248ff,59,1155,Travel,True
cre_5a412bff1eec4c69,39,1201,Art,True
cre_08041642d5374287,8958,118,Music,False
cre_2468b8d15fa64093,52,1037,Comedy,True
cre_513a5b68d1394c17,66,56,Fashion,True
cre_24612598540545da,552,1022,Art,False
cre_51fe01d7ba204c35,26,1284,Food,True
cre_84ab48f440eb4567,13,174,Comedy,True
cre_1f3ec302c4f844d2,71,734,Comedy,True
cre_2ce1fc4a08504e74,30,1339,Art,True
cre_de3330adf4b74101,8,365,Fitness,True
cre_ceeb4ef3f2714b24,152,45,Tech,False
cre_3fcb095cc2f54ced,43,4,Food,True
cre_b1f7f96b97c04b28,69,1102,Fashion,True
cre_1469b2d005fa4e94,412,448,Tech,False
cre_7b07aa4810544dfe,141,1301,Music,False
cre_78bd35e2605342e2,108,150,Comedy,False
cre_ee46a0907c0e4968,155,1276,Travel,False
cre_645d9e5d119d44f7,64,648,Art,True
cre_31d87b481df34178,79,670,Food,True
cre_14d6e38d05af4799,44,619,Food,True
cre_122c6d5f55564fef,77,83,Fitness,True
cre_2a656b784d2b4754,27,262,Fitness,True
cre_cd6711468db0470b,88,186,Tech,True
cre_9ea4fae1a8a9438e,17,667,Fitness,True
cre_b9b4e694669f4683,193,557,Travel,False
cre_8928af648cc4454d,23,1426,Travel,True
cre_5ecce2fe79d044b2,24,535,Travel,True
cre_59218e4290bb47c9,83,538,Travel,True
cre_1a0c4d97f32245d7,69,1319,Fashion,True
cre_18ae38a6ea33405a,797,47,Art,False
cre_4aaaf3f0678541ba,46,609,Food,True
cre_37e24cbd26d64a3e,43,1123,Travel,True
cre_28016005527a4e2f,73,660,Food,True
cre_3d40cd4f4a384e8c,173,973,Travel,False
cre_7ac6c433b4c547ee,226,1073,Fitness,False
cre_6fa631c7896a4e4d,13,1245,Fitness,True
cre_4524b0627cb6417b,331,14,Fashion,True
cre_ca5d48b1df5b41a9,74,651,Food,True
cre_cacf7c798ba3473d,110,1478,Fitness,False
cre_d86110f3342046c9,35,496,Fitness,True
cre_cfb4c6d7678f4735,46,858,Fitness,True
cre_aa57d5d086054296,11,1137,Fitness,True
cre_128ea095c4094216,529,1244,Fashion,False
cre_0ccbc5c1686a4336,80,159,Tech,True
cre_617dcd6c6bc64400,146,1338,Art,False
cre_d98312def8364e70,17,735,Tech,True
cre_62ab13ad47304fa8,78,851,Art,True
cre_92a76ccbf3134223,126,931,Art,False
cre_ed8eb5d9f4154c7b,1316,1452,Art,False
cre_bab6c1971c874c85,55,567,Travel,True
cre_545c9888aeae4f6c,319,724,Music,False
cre_f182d75873c24a8e,242,1031,Travel,False
cre_3d38ee5c6ae64bc4,17,622,Tech,True
cre_9f6c954095364d5c,16,817,Travel,True
cre_ce9bd248426e4151,92,930,Music,True
cre_ab82381f5a5b405b,382,400,Fitness,False
cre_92e9fad66f504e67,23,51,Art,True
cre_a7870a8e818a4284,469,1006,Music,False
cre_41f0132adde74b18,2,299,Fashion,True
cre_872ddcdef797416d,39,1141,Comedy,True
cre_e2e4d141b03b49f0,28,992,Food,True
cre_04688c9c4561438a,79,1185,Music,True
cre_d3ab522482664f6a,70,698,Fashion,True
cre_7d32d1dcbb0742bc,56,948,Fashion,True
cre_8a26852fa2e642fa,13,531,Comedy,True
cre_f60d60aa19bb427c,29,831,Tech,True
cre_be48fb9906de44c7,369,17,Music,True
cre_8ed67dc28f514956,111,79,Travel,False
cre_c69fe9af7e984e2d,149,328,Tech,False
cre_cfdb79e2f8b348f7,117,749,Fashion,False
cre_dfbe952a3c4f4584,3,277,Tech,True
cre_55a83f1aa7b24329,128,440,Travel,False
cre_0fcfd6495ea24bb6,6,676,Food,True
cre_acbd11dea36c4b16,4,414,Tech,True
cre_704790f8ecf54a59,95,2,Music,True
cre_ede647cbfca64071,31,550,Food,True
cre_5daac37eaf8f4198,1,718,Art,True
cre_7988631a03ca41bb,3,1353,Comedy,True
cre_4ecb134b9d2f42c9,2004,1272,Travel,False
cre_cadb343d49644e22,10,303,Fitness,True
cre_de49c34c402146d6,802,279,Music,False
cre_6e29063ce1854adf,12,919,Fashion,True
cre_94bdd652d3f84628,22,709,Fashion,True
cre_074acccf0ef34caa,38,975,Food,True
cre_8871693505b84a9a,126,635,Music,False
cre_0f8e6d8e50e6404f,9,608,Fashion,True
cre_b048dc9dfbbc4727,304,785,Comedy,False
cre_c579a364b25046cc,136,384,Fitness,False
cre_30c704ca05df4ae7,787,1193,Fitness,False
cre_4375d111ae664aed,18,1141,Fashion,True
cre_08ca9ddc6a674b26,687,142,Food,False
cre_7bce98b1e9ee4cda,44,100,Fitness,True
cre_ee57764cff474824,308,329,Music,False
cre_506b920f2d954981,454,9,Tech,True
cre_8e51116386d74d28,0,914,Tech,True
cre_010fb94ad0124348,30,84,Fashion,True
cre_5ab53bbcaad54e22,207,458,Fitness,False
cre_d30a305761f147a3,56,1061,Fashion,True
cre_05ae55c5755d4fe8,47,1102,Comedy,True
cre_acb678e38ef84cd2,21,939,Art,True
cre_88baeb2a5bf24869,41,528,Art,True
cre_64736ce243fa4a73,45,857,Fitness,True
cre_7ca3de1f5a33434e,122,85,Music,False
cre_7e86389801ac412d,10389,359,Music,False
cre_be74b222ac174e38,136,361,Music,False
cre_c2b1e2b2d8374cf6,41,839,Food,True
cre_46148d4501354bc5,74,1089,Fashion,True
cre_d22bd256f8784671,10,413,Travel,True
cre_4f102a4dc8a74b29,49,366,Travel,True
cre_b6eeb936f9524a97,508,1282,Comedy,False
cre_0b81992aa516472c,1440,973,Travel,False
cre_7df797396bc2480f,176,814,Tech,False
cre_6ecf9c993a69409b,95,234,Tech,True
cre_965cc83d73cf44c1,134,1124,Travel,False
cre_c22de0f6a1f34023,367,1371,Tech,False
cre_c7de308430b54a1c,13,1255,Fashion,True
cre_7646e7644461447d,276,1055,Comedy,False
cre_e6525aeaccf34392,1100,423,Fashion,False
cre_964a44f0e5f34cb0,23,742,Travel,True
cre_0f2ba7f64a134dfc,190,904,Travel,False
cre_b8d28e7ab2e645d8,0,113,Music,True
cre_5b1f19f8e36c4544,46,954,Music,True
cre_4e82b76fd04442f5,170,564,Food,False
cre_18e813007e904e40,85,1483,Fashion,True
cre_2fb942cb713c48a1,123,406,Music,False
cre_e4dd90d52a714fe5,30,553,Fashion,True
cre_60e032f84c0344d8,22,1356,Tech,True
cre_27e18bd7ede54809,8,1366,Comedy,True
cre_03782973e68b4f53,139,436,Food,False
cre_16e3b630ea404c99,251,1105,Music,False
cre_412fa7316de1460a,142,878,Fitness,False
cre_45e05544d7a5482e,365,1095,Music,False
cre_a36a13af61824d32,33,12,Comedy,True
cre_3737d4f2c17a47cd,2,1272,Food,True
cre_31982b5d56744b22,160,621,Food,False
cre_5c256c1b7d2b41fe,42,455,Comedy,True
cre_45efc770e7024c5a,40,1431,Fitness,True
cre_15c82424c1124ec7,310,912,Tech,False
cre_7e726b3e907a4fab,17,116,Travel,True
cre_a78944cc137642cd,74,50,Comedy,True
cre_c5942fd395544d48,112,469,Travel,False
cre_73c97d032b7a4cd4,990,838,Fashion,False
cre_a8e8438ba248461b,157,1078,Comedy,False
cre_4cfe9f6fced54dbf,71,510,Fashion,True
cre_baf3843da3094fe4,152,571,Travel,False
cre_3525f54f6f3b40e4,63,1004,Comedy,True
cre_226cef455b34496e,169,724,Tech,False
cre_355f128872af4560,1066,1371,Music,False
cre_6fdb631e07f947e3,14,167,Fitness,True
cre_ac1768da54f34501,517,733,Travel,False
cre_220a4aedd7eb4a93,14,1046,Food,True
cre_2570ba6ca7be4b0d,112,276,Food,False
cre_c6eef4c4e11649b0,308,268,Art,False
cre_1bc53e76356e49fc,234,1273,Comedy,False
cre_d0a316b36d6046ad,42,1020,Tech,True
cre_94219a99ff754c7b,32,222,Fashion,True
cre_75090b9fea094b0f,177,370,Food,False
cre_3bb443341a2044c7,37,342,Travel,True
cre_ccc0d763ef4f473e,9,473,Tech,True
cre_a5e676d2096243a2,149,945,Tech,False
cre_bdd7676acfcb4498,126,1301,Fashion,False
cre_86e53f68605846f7,43,35,Food,True
cre_27073a12a25140b1,63,361,Travel,True
cre_04f3af623cde4da0,46,318,Art,True
cre_abd5c4dff06147a4,70,935,Art,True
cre_724a4e789b414cb8,98,1440,Music,True
cre_b49c83bd67ab4a5c,96,666,Fashion,True
cre_e507b340391747c3,23,583,Travel,True
cre_a62f8d4508f64e44,33,982,Fitness,True
cre_6ef6db412a92411c,72,73,Comedy,True
cre_9acae11885714708,209,244,Tech,False
cre_80f4485a89e94961,53,1464,Music,True
cre_80dea2395e9f4efb,81,519,Travel,True
cre_cb64f42d57d24625,21,1070,Travel,True
cre_245c76aa85834ae7,198,986,Comedy,False
cre_8d5026cee67847cc,11,1292,Food,True
cre_c518db2f3e504de8,15,1055,Comedy,True
cre_4ca9726fc1874da1,3,82,Tech,True
cre_e031ee8fbdf34573,10,1294,Comedy,True
cre_84af434398e44791,27,1387,Fashion,True
cre_8034efc76dba400c,66,1322,Comedy,True
cre_bc8833e85dd54ced,417,1175,Art,False
cre_7f9ab8ad360141d2,10,984,Fashion,True
cre_4a413408260a4519,59,1030,Music,True
cre_9611bfbb33cb4012,49,800,Fashion,True
cre_1c3683e05f234bb2,492,622,Travel,False
cre_6116f83a4c884a4e,623,193,Music,False
cre_3273fc8edd2b4e62,361,19,Comedy,True
cre_cc6bf7b8c2aa4c7d,30,1100,Music,True
cre_426c24a9716f4975,317,1122,Music,False
cre_e059087c2c134aae,52,1176,Art,True
cre_b402dbc6175f40ac,17,1097,Music,True
cre_1fe3ea4707464407,94,1468,Travel,True
cre_c10d3c8a30db4d6e,62,296,Fitness,True
cre_f976cdd6c1d0430f,2,883,Comedy,True
cre_e28c548b3d3b4e38,183,145,Art,False
cre_a75d4baa62d44fff,18,1134,Art,True
cre_06aafa017413458f,54,96,Fitness,True
cre_0eaf177fd22445e7,2,1180,Music,True
cre_09c3f4394584448b,179,385,Art,False
cre_405891f2cb9546b1,29,641,Comedy,True
cre_9ab3b6e6233d4102,274,429,Fashion,False
cre_9891daf459014483,2739,8,Tech,True
cre_cd90d13578be4fd3,295,136,Comedy,False
cre_ca0a2a97afb44c97,16,1254,Tech,True
cre_35386d8f1c9e4d92,201,261,Fashion,False
cre_5ec890a8f44c408c,59,885,Music,True
cre_efb7d1c3924d451a,295,153,Fitness,False
cre_7f3916deca034de1,2,921,Fashion,True
cre_86671b50d27f4453,322,60,Fitness,False
cre_f0c0d9f7a43e434c,32,761,Food,True
cre_6cab5b5284ca4537,160,806,Fitness,False
cre_392c6285232a421c,77,120,Fashion,True
cre_8c718076794842cc,108,202,Comedy,False
cre_3a88d8397ee34e8c,1508,1209,Tech,False
cre_66fc9837acb445e9,108,1378,Art,False
cre_6a52c72fdbc64f53,10,401,Art,True
cre_675477e71e7c49df,0,1239,Food,True
cre_c1cabc18a1c24d51,110,730,Food,False
cre_6ac195a2f9eb4581,2,805,Food,True
cre_023f95a980544c97,279,101,Art,False
cre_e44f3492571c4b18,462,1148,Art,False
cre_ea128d6647be47f9,1437,134,Fitness,False
cre_27dd5030f2b94535,0,1482,Travel,True
cre_fecb0d45076b4f90,7,1461,Tech,True
cre_98611b012440405c,44,1435,Fitness,True
cre_5921ca17315f491d,82,1252,Art,True
cre_f7f140a1989e4381,198,333,Food,False
cre_a0cd3130eed24414,50,937,Music,True
cre_9508d1181acf4672,117,813,Art,False
cre_117874674d9c462a,132,280,Tech,False
cre_66b2be99cf92468d,20,581,Fashion,True
cre_83a1cfacfbfa412a,247,1423,Comedy,False
cre_a881891d040e4c04,15,326,Fashion,True
cre_2d8b255296b64206,351,1317,Tech,False
cre_64778699c51b4426,55,1026,Tech,True
cre_7ca07bbc5ddf4a5e,24,1255,Food,True
cre_5e9747fa4c494c54,52,1254,Music,True
cre_bcb7678c05a84cc7,75,453,Tech,True
cre_3636dad83b4348fe,177,1308,Food,False
cre_4a53d97f680c485e,7,537,Art,True
cre_209fdd629e4e4502,11,1375,Art,True
cre_92d92624ef8544a0,285,3,Travel,True
cre_6322a86a913341fd,387,626,Art,False
cre_8ba54682667e4d56,34,1348,Comedy,True
cre_d857eb5e19b34530,220,270,Comedy,False
cre_bd065e4f2c694371,136,664,Fashion,False
cre_223d9ce2c4a244b5,35,441,Travel,True
cre_735ca526fcc74ad8,340,1347,Comedy,False
cre_86ac009f62714b26,496,1267,Travel,False
cre_c6d7f58c786c4ce7,85,657,Fashion,True
cre_d9ca3b2d83694e00,13,941,Food,True
cre_521bba66e0fc4378,136,1137,Art,False
cre_23db8288e57148a6,126,584,Travel,False
cre_fb1bdf04306a480a,43,375,Food,True
cre_1fb9ebc4cc35476f,37,54,Food,True
cre_64a3e041be714400,1550,86,Travel,False
cre_1342bbb741324f25,4,359,Fitness,True
cre_d52fe8c92f284149,149,981,Tech,False
cre_e763815e56ae4074,249,286,Music,False
cre_efcb43ea798b40f0,92,1346,Food,True
cre_a0ce43d3f0c24c0e,254,1293,Travel,False
cre_d9e064329b954d96,420,1434,Music,False
cre_17a8432680b04bf8,4413,97,Fitness,False
cre_d936b04ec3d440e5,285,1333,Fitness,False
cre_5f7d2df2f0024c6c,13,746,Comedy,True
cre_c3d7b36120cd4218,132,193,Tech,False
cre_de80cc51925041b3,181,683,Comedy,False
cre_b52829079f164edc,145,545,Fitness,False
cre_eea7d830dbaa4010,42,1158,Art,True
cre_40e91db9986a436f,324,414,Fashion,False
cre_52b4d0d2e5ca41d9,16,421,Comedy,True
cre_237564a0620f41b8,16,601,Tech,True
cre_e8dd8333c8494928,2475,650,Tech,False
cre_429176cb3e7b44ab,86,318,Food,True
cre_172eb4c1cd864028,63,826,Food,True
cre_fa227cd475b04e5a,22,1464,Comedy,True
cre_7bdc09b856eb45df,43,46,Tech,True
cre_df06083eb17e4c73,112,456,Music,False
cre_dc385b0cd245439b,66,668,Fitness,True
cre_314c2e2424954d41,43,1125,Tech,True
cre_4a331a8b97b84df5,7,114,Tech,True
cre_96c4c729ce574a8c,18,1162,Comedy,True
cre_3c6aa7142aa147ec,32,1202,Fitness,True
cre_38c743b4fd854996,4,366,Fitness,True
cre_704ee45733174a91,23,424,Food,True
cre_b5051679ff9e4626,2,359,Art,True
cre_8a14b47d7e51451d,29,1164,Fashion,True
cre_6c80900899754f83,7,142,Fitness,True
cre_fae60b762f4147dd,1034,1172,Travel,False
cre_7eea6813dfab4583,13,1338,Fitness,True
cre_9144555ebc4b4464,742,397,Fashion,False
cre_9e53cca5bb7b4579,30,26,Travel,True
cre_438e1d7732c34d7d,631,455,Tech,False
cre_ecf53830a69a4566,18,899,Comedy,True
cre_de0dfa9a59644af9,104,1478,Music,False
cre_491329ff561540fc,42,219,Music,True
cre_7ed4fce677e3467f,51,1308,Music,True
cre_e7ae63bc03e147de,366,1133,Comedy,False
cre_cad4a19bc8774d8c,67,1208,Travel,True
cre_c4f1a368ce624f16,72,852,Fashion,True
cre_967fee5b1a454ea2,28,258,Fitness,True
cre_af39315e26634715,60,1055,Art,True
cre_62781b0f4e814bc3,170,161,Art,False
cre_9034f270766c439f,1,1092,Art,True
cre_e756b06c01944658,831,1354,Travel,False
cre_793211162715408a,8,1069,Music,True
cre_2ca0643861e2486f,2,155,Tech,True
cre_368ce5dc57be4f17,115,1307,Music,False
cre_e646ad3ed3c743f8,1,850,Tech,True
cre_9785468bc1654297,31,1269,Food,True
cre_f96f59b1b8cb4960,4806,940,Travel,False
cre_6b1c4a199b09483a,18,1210,Fitness,True
cre_dacc62d1929a4414,118,764,Food,False
cre_8de218bd9b314b4d,22,1168,Music,True
cre_70d614b4f34a42a8,17,767,Fashion,True
cre_68e7dabf35b84f62,64,161,Art,True
cre_85be8822c6c64e84,203,951,Art,False
cre_1af9187fad8c4800,72,480,Comedy,True
cre_ba449f31a41a49ed,377,993,Fashion,False
cre_5254e9c3867f4fcf,45,288,Tech,True
cre_eb0d4abea6cd4290,100,1065,Music,False
cre_a5f826d0d0e241a2,158,93,Comedy,False
cre_8e438bad71d04b5f,78,146,Comedy,True
cre_913f467022264ac5,21,529,Food,True
cre_d29f6955037843fa,47,152,Art,True
cre_6d5876e48abc4a9b,7,1195,Music,True
cre_f479b4b35916418e,5,1196,Art,True
cre_4eae74d674884619,75,964,Tech,True
cre_1167e40f94c7436c,767,1305,Fitness,False
cre_18bd9a805a70498e,54,1032,Music,True
cre_d0f7552cc36842d7,26,1049,Travel,True
cre_702d6c97cc5f4354,26,1401,Tech,True
cre_55e7642fa9f14bbb,40,121,Fashion,True
cre_3a04fb5b71164f53,68,376,Music,True
cre_fd77fa6d34024a8e,226,896,Art,False
cre_361a689a1516490d,377,1087,Fashion,False
cre_0c07fa7f33a24751,188,687,Tech,False
cre_7c2ad1e16a3d4ed9,374,962,Tech,False
cre_5d8d3a5a5e314de7,53,387,Food,True
cre_f6ac251476244a2b,35,565,Travel,True
cre_25034965d1a14895,2075,53,Tech,False
cre_31f3d2365e884c8f,12,1336,Food,True
cre_5f9f3e756839410c,57,1291,Art,True
cre_5361283d6b7a4d6c,1079,321,Tech,False
cre_8cf5307a947b45a5,127,17,Art,True
cre_9c0c1098dd034112,2,171,Fashion,True
cre_cf683b2bb6284365,20,365,Fashion,True
cre_4869f9482a774f5a,55,845,Comedy,True
cre_b42c3f19ffff49cf,112,1184,Fitness,False
cre_ee2de75783de46f4,3,70,Fitness,True
cre_0ceae9118ae54207,25,839,Food,True
cre_8c63309279b346d6,51,1217,Tech,True
cre_c3f24cbb874c4b5a,156,1009,Music,False
cre_7d05bb41005f4a7a,138,1066,Tech,False
cre_8df58e83ded94e88,147,495,Comedy,False
cre_8f2a360b5f5c4138,19,1246,Travel,True
cre_661b9a092aa34d87,19,886,Music,True
cre_6d29c5cf639747b9,33,1218,Tech,True
cre_7b99ce463427463d,106,1411,Fashion,False
cre_17187162db3b4972,185,430,Travel,False
cre_bc09fd70c4464f76,32,461,Music,True
cre_a989ed90822744f9,119,1303,Food,False
cre_39316ae737cf4bf8,1316,898,Fitness,False
cre_5fcb698e66e04177,56,1114,Food,True
cre_06cecc2bfd904a93,224,169,Fitness,False
cre_29d65ae49cb046b2,8,298,Fitness,True
cre_1a1d2916583a4797,16,1202,Music,True
cre_a7ea0174795f4f8f,19,754,Tech,True
cre_8ccaa1ef8f9f48fd,84,1252,Fitness,True
cre_3b1d1e7a74cc49a1,128,556,Travel,False
cre_389eac2d6a0445b6,6,1467,Travel,True
cre_75f47dce5fd14f3e,1,1044,Travel,True
cre_c81c7cfeb3a24d55,42,892,Food,True
cre_6f2919a831ee45ef,28,1338,Comedy,True
cre_9645a8405af14f4c,96,543,Music,True
cre_ca78229fd1454c03,153,267,Travel,False
cre_318f078d0a874071,8,456,Food,True
cre_9d993c1a359d4eb7,9,153,Food,True
cre_ee798c04f2404fd0,91,367,Fitness,True
cre_468f268e06f6426a,3053,282,Food,False
cre_d28bc917ca814a91,29,75,Tech,True
cre_a4a05e99233943e1,379,1211,Music,False
cre_8e33d68ba9124341,470,296,Travel,False
cre_ef38e905c20e441c,32,1477,Tech,True
cre_a7897b80831148fc,28,1445,Travel,True
cre_3dda0ecc5ee7402e,48,624,Tech,True
cre_78841146d2f04dba,3,1272,Music,True
cre_9804e1b6cf914912,83,1479,Tech,True
cre_b9de11b3ac764757,93,1359,Art,True
cre_4462aa91d64048ed,312,232,Fitness,False
cre_83f6d04ecae04758,11,1183,Music,True
cre_527c2a3c098c447c,1,1251,Comedy,True
cre_3f2f3a0470354f21,168,1222,Comedy,False
cre_fed6731604c94c2c,117,1025,Food,False
cre_824362005b6644e3,206,1251,Fashion,False
cre_dafa0467a5374d84,13,1417,Art,True
cre_266ef6913dd1413e,3,1397,Travel,True
cre_2a5b613674bc440a,63,1316,Fashion,True
cre_945c7ed060654ad2,6,35,Art,True
cre_4a92b067b37644af,16,1422,Tech,True
cre_66ccd26cf1bb4535,377,630,Music,False
cre_cc4d828e94c244af,671,65,Music,False
cre_f9d1eacac8a24b75,3,205,Fitness,True
cre_b128102a4aae4488,461,1077,Food,False
cre_d14ecfc5de1f4136,141,68,Fitness,False
cre_dfd18b55223e41b6,20,1092,Music,True
cre_45859047f9294d5f,20,433,Travel,True
cre_aefed5cc9345427f,171,450,Food,False
cre_45cf3ff62d8645a1,36,1427,Fitness,True
cre_6a2081d154f049d4,13,803,Travel,True
cre_487c300a419c4512,52,1244,Tech,True
cre_5419113cfb674bb9,11,1309,Comedy,True
cre_1c2399070c3b47e6,34,279,Music,True
cre_9e9543aada7745d8,8,616,Food,True
cre_ab07d135368b4dab,161,917,Food,False
cre_2f4e773b08c1496b,93,1429,Comedy,True
cre_cfe91d302b19461f,71,1149,Art,True
cre_3f64130eead3467f,176,888,Fashion,False
cre_0d54907900d14ddf,26,661,Fitness,True
cre_b556eaed7cfd4d5b,5,1108,Food,True
cre_df740fee6c0a4d86,5,1408,Tech,True
cre_079a40b82821420a,339,1171,Tech,False
cre_777f391d6d37489f,3,1090,Comedy,True
cre_c1ee3ea5f9f54079,61,1170,Fashion,True
cre_9c527ae706534321,112,281,Tech,False
cre_94c61d16d4cb4a59,79,552,Fashion,True
cre_565fe97148c44d99,19,645,Art,True
cre_4ce4847e43d54c6c,326,361,Food,False
cre_daf32eb9c53e4fdd,339,116,Comedy,False
cre_9b5465edbe1c4d41,144,683,Fitness,False
cre_875ae866099245cc,183,1015,Music,False
cre_a56b7754e0b648e3,42,445,Fitness,True
cre_13ffd1474ba14552,239,1499,Travel,False
cre_98beb5b426314640,72,1317,Fashion,True
cre_0b40406ff504457b,164,512,Fashion,False
cre_4ef5be9aa7e9402f,4,509,Fashion,True
cre_d37a6f1136184cfc,23,642,Art,True
cre_688acb870a264b96,190,414,Comedy,False
cre_8ebd81368eec4543,62,688,Fashion,True
cre_88774d897c0c48cd,24,1200,Fashion,True
cre_ef2cb2d950454923,136,204,Fashion,False
cre_60b91016163e4627,7,1212,Art,True
cre_d35f32a77ae24501,101,482,Fitness,False
cre_f49e5bc47da0438f,291,225,Music,False
cre_8b6fe1bc3b7d4016,179,7,Tech,True
cre_a70d42b51c5e49d2,16,448,Fitness,True
cre_01618bc0b379410b,152,1074,Tech,False
cre_2dd2bbac8129477c,724,1435,Fitness,False
cre_c51c124127064786,454,1153,Art,False
cre_21a5f7998fd74352,125,123,Fashion,False
cre_0c2c31fe738e4e96,114,309,Fitness,False
cre_f408ed1702a9491c,45,827,Art,True
cre_e016de758cf14103,312,1295,Travel,False
cre_8b2aeb997c42412d,107,99,Comedy,False
cre_92f5b17ce7134a5e,22,675,Music,True
cre_da783d72d98b46e2,85,244,Food,True
cre_88d2753b08cf4594,6,723,Comedy,True
cre_c6789e04bbf34af4,35,723,Music,True
cre_19644bdf3e2f4c1b,27,977,Fitness,True
cre_c7afcdb45dba4d2d,177,149,Fitness,False
cre_803cb3aef98042c9,19,1436,Music,True
cre_fe336991179b4db1,438,608,Comedy,False
cre_11412a3c60f044b7,1019,477,Art,False
cre_8f1c17050eaf4436,2112,1017,Food,False
cre_46b2020ed6fc4796,1752,453,Fashion,False
cre_aa914db8c90f4c8c,133,971,Tech,False
cre_0f1a45fdd50c44c4,13,51,Art,True
cre_933771f840fc48ab,42,1240,Fitness,True
cre_38e6a5250663426c,17,367,Fashion,True
cre_cc29f8f66d944c97,249,1480,Music,False
cre_e237cc74f50f4f0f,6,1133,Fitness,True
cre_a307cf4379d4494d,181,1053,Fashion,False
cre_77fa1b591543459a,151,429,Fitness,False
cre_0f1718d99c434823,174,991,Fashion,False
cre_126ea83f4f7d4232,24,640,Food,True
cre_2c9f4aea9b344be5,226,946,Music,False
cre_f0b2cbebff134d53,11,1384,Fitness,True
cre_a6c09a63d1a74371,0,757,Travel,True
cre_42e6837b5b0b4336,75,149,Comedy,True
cre_9a356bac39454577,33,67,Travel,True
cre_e0724d5eb03b4b38,28,1370,Travel,True
cre_aab67f1f476b438e,50,505,Comedy,True
cre_20c40813ca144640,15,86,Travel,True
cre_be2b2d93ff4e4a65,12,893,Tech,True
cre_9c86e09ecf7c4718,140,1457,Fitness,False
cre_7f891b382937427e,90,1231,Travel,True
cre_e70635c84fd24809,24,788,Art,True
cre_b98aa58ca8f94bc1,6436,1244,Art,False
cre_add25212ff6c4b89,205,134,Comedy,False
cre_89952d941fa347d2,25,108,Art,True
cre_fed7d8d377894cc3,76,48,Food,True
cre_bf07a7d1b3ff48ed,27,46,Tech,True
cre_8ae9fd4981854bbb,31,1190,Travel,True
cre_101eeca6910d452e,135,47,Comedy,False
cre_19abb828288b4fd9,33,556,Music,True
cre_805697174dca411d,28,1439,Tech,True
cre_423d7ae047764ba5,49,817,Fashion,True
cre_b31b302280c64efe,103,1492,Fashion,False
cre_3cada8f5b45844a8,1257,83,Comedy,False
cre_6aac741d94044755,352,1163,Music,False
cre_1c1909a3940f4350,83,378,Fitness,True
cre_95eb911932994da0,24,605,Fashion,True
cre_b674543c56cc44ce,84,1235,Fitness,True
cre_c37300dd9dba4cf4,458,134,Travel,False
cre_7e8e75df2f3a413f,56,401,Fitness,True
cre_baca1b0c70634cfe,12,1103,Travel,True
cre_3259fa3275594929,10,1181,Music,True
cre_1b05a71a40514518,240,784,Food,False
cre_23bbeb5fcd3a4c37,26,1337,Tech,True
cre_6cca4e7ff6354528,6,376,Travel,True
cre_eeb8f8c9c9e843ea,33,74,Fashion,True
cre_20cf1f5ec1fb46c8,21,241,Travel,True
cre_9b202c112f25439f,84,953,Art,True
cre_e94f740117b94780,2,1336,Fitness,True
cre_fb7eb1c3c206447e,68,851,Food,True
cre_f4ea7108fe7f4dc4,45,736,Fitness,True
cre_96d41f4c667c407e,43,1015,Comedy,True
cre_0d0f8466d9eb4dba,222,596,Art,False
cre_32c02376713c4ed8,3,534,Comedy,True
cre_325525bd3ad84481,51,876,Travel,True
cre_0cfd454820e643e8,85,296,Music,True
cre_3acd7cb46bf94e43,642,1304,Tech,False
cre_d8ba9e3da82e451d,179,357,Music,False
cre_dc405622405a4433,18,1446,Comedy,True
cre_22460499c398489c,8,788,Fitness,True
cre_1775490d727c400b,707,211,Tech,False
cre_8a1ecf4f873c4df0,62,1391,Fitness,True
cre_bbf41f6feed34124,8,1192,Travel,True
cre_73fa667ccab54d3b,88,1161,Travel,True
cre_1538343f79e7403d,60,1365,Fashion,True
cre_caac47c0f1f643dd,3642,958,Art,False
cre_a529e2bbb315456a,173,1286,Art,False
cre_c65b46744c9549ad,15,1308,Tech,True
cre_4010b334d1ba46f2,23,807,Food,True
cre_318aa9a2d57943af,45,1356,Fitness,True
cre_92c415b446714726,2,49,Tech,True
cre_44d5d7248b234274,20,356,Art,True
cre_d86710fd83f24af6,38,1192,Fitness,True
cre_40aaa087f2074c27,638,1169,Music,False
cre_7906a81e4f444c71,36,1431,Tech,True
cre_a2ec0fbc23d94d1b,30,1045,Travel,True
cre_0ebc107557a94e80,2124,419,Fashion,False
cre_904f7ccd963f4e30,2,75,Tech,True
cre_68c09199dd524ccf,206,852,Food,False
cre_498f378773414249,549,1422,Fitness,False
cre_0446f16d7f034dc0,8,1110,Art,True
cre_a6031873125b4768,47,662,Art,True
cre_74f1636dddc44ebc,100,397,Travel,False
cre_a0913f22f3d141d1,75,14,Fitness,True
cre_e6c2a365eb254412,5393,313,Music,False
cre_894bf0e4438d473f,46,1013,Fashion,True
cre_32741b314fb742bf,88,65,Food,True
cre_b5707515f77e47b5,94,509,Fitness,True
cre_1ee040bc92f04bf7,30,737,Food,True
cre_da27aa45a4ce45b3,48,1366,Music,True
cre_53377a98d78b4012,20,829,Travel,True
cre_06243dea32a24e9e,8,1386,Comedy,True
